-- phpMyAdmin SQL Dump
-- version 4.5.1
-- http://www.phpmyadmin.net
--
-- Host: 127.0.0.1
-- Generation Time: Apr 22, 2017 at 07:17 PM
-- Server version: 10.1.13-MariaDB
-- PHP Version: 5.5.37

SET SQL_MODE = "NO_AUTO_VALUE_ON_ZERO";
SET time_zone = "+00:00";


/*!40101 SET @OLD_CHARACTER_SET_CLIENT=@@CHARACTER_SET_CLIENT */;
/*!40101 SET @OLD_CHARACTER_SET_RESULTS=@@CHARACTER_SET_RESULTS */;
/*!40101 SET @OLD_COLLATION_CONNECTION=@@COLLATION_CONNECTION */;
/*!40101 SET NAMES utf8mb4 */;

--
-- Database: `court_scan`
--

-- --------------------------------------------------------

--
-- Table structure for table `breaknews`
--

CREATE TABLE `breaknews` (
  `id` int(11) NOT NULL,
  `bknews` varchar(255) COLLATE utf8_unicode_ci DEFAULT NULL,
  `create_at` datetime DEFAULT NULL
) ENGINE=InnoDB DEFAULT CHARSET=utf8 COLLATE=utf8_unicode_ci;

--
-- Dumping data for table `breaknews`
--

INSERT INTO `breaknews` (`id`, `bknews`, `create_at`) VALUES
(1, 'ทดสอบ Breaking NEWS 000d00d', '2016-10-27 08:40:28');

-- --------------------------------------------------------

--
-- Table structure for table `event`
--

CREATE TABLE `event` (
  `id` int(11) NOT NULL,
  `title` varchar(255) NOT NULL,
  `description` text NOT NULL,
  `create_date` datetime NOT NULL
) ENGINE=InnoDB DEFAULT CHARSET=utf8;

--
-- Dumping data for table `event`
--

INSERT INTO `event` (`id`, `title`, `description`, `create_date`) VALUES
(1, 'สถานพินิจและคุ้มครองเด็กและเยาวชนฯ สำนักงานคุมประพฤติฯ และสำนักงานบังคับคดีฯ เข้าเยี่ยมคารวะผู้พิพากษาหัวหน้าศาลฯ', '1', '2017-04-20 21:53:00'),
(6, 'อบรมการสื่อสาร', '<ul><li>การทดงานเป็นทีม</li><li>2.นายพเยาว</li><li>3.นายฐานัน</li></ul>', '2017-04-20 23:50:00'),
(12, 'google.com', '<p><a href="http://www.google.com" target="_blank">google .</a> </p>', '2017-04-21 09:03:00'),
(13, 'งานวันศาลยุติธรรม', '<p>2222222</p>', '2017-04-21 09:24:00'),
(14, 'ddd', '<p>dddd</p>', '2017-04-23 00:14:00'),
(15, 'ddddd', '<p>dddd</p>', '2017-04-23 00:14:00');

-- --------------------------------------------------------

--
-- Table structure for table `function`
--

CREATE TABLE `function` (
  `function_id` int(11) NOT NULL,
  `function_name` varchar(255) COLLATE utf8_unicode_ci NOT NULL,
  `function_dscrpt` varchar(255) COLLATE utf8_unicode_ci NOT NULL,
  `function_pic_file_name` varchar(255) COLLATE utf8_unicode_ci NOT NULL,
  `function_group_id` int(11) NOT NULL,
  `function_file` varchar(255) COLLATE utf8_unicode_ci NOT NULL DEFAULT '',
  `menu_name` varchar(255) COLLATE utf8_unicode_ci NOT NULL DEFAULT ''
) ENGINE=MyISAM DEFAULT CHARSET=utf8 COLLATE=utf8_unicode_ci ROW_FORMAT=REDUNDANT;

--
-- Dumping data for table `function`
--

INSERT INTO `function` (`function_id`, `function_name`, `function_dscrpt`, `function_pic_file_name`, `function_group_id`, `function_file`, `menu_name`) VALUES
(1, 'สแกนคำพิพากษา', 'สำหรับเข้าสู่โปรแกรมสแกนคำพิพากษา เพื่อสแกนคำพิพากษาฉบับตรวจ ฉบับตรวจแก้ และใบแจ้งการอ่านได้', '1.jpg', 1, '', ''),
(2, 'จัดการส่วนงาน', 'สำหรับเพิ่ม ลบ แก้ไข ข้อมูลส่วนงาน ', '2.jpg', 2, '/admin/manage_sector.php', 'จัดการส่วนงาน'),
(3, 'จัดการข้อมูลเจ้าหน้าที่', 'สำหรับ เพิ่ม ลบ แก้ไขข้อมูลมูลเจ้าหน้าที่', '3.jpg', 2, '/admin/manage_user.php', 'จัดการข้อมูลเจ้าหน้าที่');

-- --------------------------------------------------------

--
-- Table structure for table `function_group`
--

CREATE TABLE `function_group` (
  `function_group_id` int(11) NOT NULL,
  `function_group_dscrpt` varchar(255) COLLATE utf8_unicode_ci NOT NULL
) ENGINE=MyISAM DEFAULT CHARSET=utf8 COLLATE=utf8_unicode_ci ROW_FORMAT=REDUNDANT;

--
-- Dumping data for table `function_group`
--

INSERT INTO `function_group` (`function_group_id`, `function_group_dscrpt`) VALUES
(1, 'สแกนคำพิพากษา'),
(2, 'สร้างรหัสสำหรับเข้าสู่ระบบ');

-- --------------------------------------------------------

--
-- Table structure for table `helpdesk`
--

CREATE TABLE `helpdesk` (
  `id` int(11) NOT NULL,
  `user_id` int(11) DEFAULT NULL COMMENT 'ผู้แจ้ง',
  `dateAdvertise` datetime NOT NULL COMMENT 'วันเวลาที่แจ้ง',
  `detail` text COLLATE utf8_unicode_ci NOT NULL COMMENT 'แจ้งเรื่อง',
  `statusHelp_id` int(11) NOT NULL DEFAULT '1' COMMENT 'สถานะ',
  `succeeddetail` text COLLATE utf8_unicode_ci COMMENT 'ผลการปฏิบัติ',
  `hendler` int(11) DEFAULT NULL COMMENT 'ผู้ปฏิบัติ'
) ENGINE=InnoDB DEFAULT CHARSET=utf8 COLLATE=utf8_unicode_ci;

--
-- Dumping data for table `helpdesk`
--

INSERT INTO `helpdesk` (`id`, `user_id`, `dateAdvertise`, `detail`, `statusHelp_id`, `succeeddetail`, `hendler`) VALUES
(1, 3, '2015-05-10 03:50:00', 'ss', 3, '-', 2),
(8, 3, '2015-04-21 08:10:48', 'คอมพิวเตอร์ ทำความสะอาด', 3, '-', 2),
(9, 3, '2015-04-21 09:11:35', 'คอมพิวเตอร์ไม่มีเสียง แก้ไขให้หน่อยค่ะ\r\n', 3, 'แจ้งบริษัท msc ', 2),
(11, 3, '2015-04-21 11:19:20', 'จัดฟอร์มเอกเซล เครื่องป้าจันทร์', 3, 'เรีบยร้อย', 2),
(13, 3, '2015-04-21 13:22:33', 'คอมพิวเตอร์บัลลังก์แพ่ง โปรแกรมword', 3, 'แก้ไขให้แล้ว', 2),
(14, 3, '2015-04-22 09:00:35', 'จัดสถานที่ โครงการทำบุญตักบาตร วันศาลยุติธรรม', 3, '-', 2),
(15, 3, '2015-04-23 01:30:27', 'ถ่ายรูป พิมพ์รูป ให้หัวหน้า', 3, '_', 2),
(16, 3, '2015-04-22 10:30:17', 'ส่งเมล์ ชื่อ เบอร์โทร ไปภาค', 3, '-', 2),
(17, 3, '2015-04-22 16:15:19', 'เพิ่มรายชื่อ ผู้พิพากษา ในโปรแกรม รับส่งเอกสารศาลฎีกา', 3, 'เพิ่มข้อมูลเรียบร้อย แจ้ง user pass ให้แก่ท่านผู้พิพากษาแล้ว', 2),
(18, 3, '2015-04-23 07:30:53', 'สแกนเอกสารส่งศาลอุทรธ์ ตจ 16/58', 3, 'สแกนเรียบร้อย ไฟล์อยู่ที่ ข้อมูลกลาง งานประชาสัมพันธ์', 2),
(19, 3, '2015-04-23 10:30:23', 'ควบคุมเครื่องเสียง งานบุญศาลฯ', 3, 'เรียบร้อย', 2),
(21, 3, '2015-04-23 11:20:05', 'เซตโทรศัพท์พี่แหม่ม', 3, '-', 2),
(22, 3, '2015-04-23 13:27:09', 'จัดทำ ผังอาคาร บริเวณโดยรอบ และที่พัก พี่แหม่ม กลุ่มงานคลัง ', 3, 'สร้างเป็น file visio 2007  พิมพ์เอกสารให้เรี้ยบร้อย', 2),
(23, 3, '2015-04-23 14:16:32', 'เครื่องระบบคอนเฟเรนต์ของสถานพินิจ กับศุนย์ฝึก เข้าโปรแกรมไม่ได้', 3, 'อัพ โปรแกรม เปลี่ยนเบราเซอร์', 2),
(24, 3, '2015-04-24 03:20:15', 'ป้าย ติดต่อราชการประจำ-ชั่วคราว\r\nป้าย รถยนต์เข้าออก เจ้าหน้าที่ ประจำ ติดต่อชั่วคราว\r\n ', 3, '', 2),
(25, 3, '2015-04-24 09:00:33', 'ท่านชาญ ทำรูปสมทบติดบอดล์', 3, '', 2),
(26, 3, '2015-04-29 08:57:41', 'คอมฯ งานหมายเข้าวินโดน์ไม่ได้', 3, 'repair boot windowns', 2),
(27, 3, '2015-04-29 11:22:54', 'เอกสารตรวจราชการ สนับสนุนรูป ', 3, '', 2),
(28, 3, '2015-04-29 11:24:21', 'เอกสารตรวจราชการ กราฟ ต่างๆ', 3, '', 2),
(29, 3, '2015-04-29 14:37:41', 'เครื่องปรินท์ บัลลังก์อาญา ปรินต์สองหน้าไม่ได้', 3, 'restart เครื่องใหม่', 2),
(30, 3, '2015-04-30 03:35:08', 'มิติ ผัง อุปกรณ์ ดับเพลิง', 3, '', 2),
(31, 3, '2015-04-30 09:33:55', 'เครื่องสำรองไฟงานคดี ทำงานติดติดๆดับๆ', 3, 'ปลั๊กหลวม', 2),
(32, 3, '2015-04-30 10:34:53', 'เปลี่ยนหมึกพิมพ์ เครื่องประชาสัมพันธ์', 3, '-', 2),
(33, 3, '2015-04-30 11:51:05', 'ปริ้นภาพการซ่อมประตู บ้านท่านหัวหน้า ให้กลุ่มงานคลัง', 3, '-', 2),
(34, 3, '2015-04-30 12:00:26', 'จัดทำผัง รปภ.  กลุ่มงานคลัง', 3, 'พร้อมส่งเมล', 2),
(35, 3, '2015-04-30 12:07:21', 'ส่งเมล์ นโยบายประธานศาลฏีกา', 3, 'ยกเลิก ส่งผ่านโปรแกรม', 2),
(36, 3, '2015-05-01 10:45:13', 'ปรับฟอร์มงานหมาย', 3, 'หมายนัด ตั้งค่าหน้ากระดาษใหม่', 2),
(37, 3, '2015-05-01 10:45:43', 'สนับสนุนภาพถ่าย กิจกรรมจังหวัดเครื่อนที่  วันศาลยุติธรรม งานประชาสัมพันธ์', 3, '-', 2),
(38, 3, '2015-05-01 10:47:25', 'ส่งบัญชีวันทำการผ่านระบบ', 3, '-', 2),
(39, 3, '2015-05-01 10:47:48', 'ให้คำปรึกษา พร้อมเซ็ตระบบ ห้องสืบเด็ก', 3, '', 2),
(40, 3, '2015-05-01 10:50:18', 'ปรับฟอร์มรายงาน รายเดือน โปรแกรมประชาสัมพันธ์ เป็น A4', 3, '', 2),
(41, 3, '2015-05-01 14:30:52', 'ส่งเมล์ บัญชีวันทำการ รปภ\r\n', 3, '-', 2),
(42, 3, '2015-05-02 03:00:20', 'จัดทำบัตรเจ้าหน้าที่  ', 3, '-', 2),
(43, 3, '2015-05-06 10:08:42', 'เปลี่ยนผ้าหมึก  oki งานคดี', 3, '_', 2),
(44, 3, '2015-05-06 10:19:52', 'สแกนเอกสารสำนวน อ.137/57 แดง 26/57', 3, 'file อยู่ที่ ข้อมูลกลาง งานคดี', 2),
(45, 2, '2015-05-07 10:41:41', 'ลงโปรแกรมงานรักษาความปลอดภัย กลุ่มงานคลัง', 3, '', 2),
(46, 3, '2015-05-14 09:57:39', 'เครื่องบัลลังก์อาญา เข้าวินโดไม่ได้ ย้ายเครื่อง \r\n', 3, '', 2),
(47, 3, '2015-05-14 10:02:36', 'ติดตั้งไมค์ห้องประชุม ประชุมสมทบ', 3, '', 2),
(48, 3, '2015-05-14 10:04:11', 'จัดทำรูป บอร์ด สมทบ', 3, '', 2),
(49, 3, '2015-05-20 09:46:27', 'ส่งเมลไปภาค 7 แก้แบบประเมิน ส่วนคลัง', 3, '', 2),
(50, 2, '2015-05-20 10:33:36', 'ดาว์โหลด เอกสารการดำเนินโครงการเผยแพร่ความรู้ทางกฎหมาย\r\n งานประชาสัมพันธ์ จาก http://www.iprd.coj.go.th/', 3, '', 2),
(51, 2, '2015-05-20 11:17:42', 'โปรแกรมงานประชาสัมพันธ์ แก้ไข คำร้องที่ดิน+เงินสด\r\n', 3, '-', 2),
(52, 4, '2015-05-19 13:00:00', 'ตรวาจมิติ', 3, '-', 2),
(53, 2, '2015-05-20 14:46:15', 'ส่งเมล์ มิติเพิ่มเติม กลุ่มช่วยอำนวยการ', 3, '', 2),
(54, 2, '2015-05-20 14:46:52', 'ทำบัตร บุคคลเข้าออก ประจำ บัตรรถยนตน์\r\n', 3, '', 2),
(55, 2, '2015-05-21 14:09:25', 'สแกนส่งเมล์ ไปสำนักทรัพย์สิน', 3, '', 2),
(56, 2, '2015-06-04 11:25:19', 'สนับสนุน รูปข่าว 2 ข่าว\r\n\r\n', 3, '', 2),
(57, 2, '2015-06-04 15:08:00', 'ส่งเมล์ รายงาน บังคับคดี ไป ภาค7', 3, '', 2),
(58, 2, '2015-06-04 15:08:36', 'ส่งแบบตอบรับ อบรมการเงิน ไปที่เมล์ภาค7', 3, '', 2),
(59, 2, '2015-06-04 15:41:52', 'ส่งแบบสำรวจพนักงานสถานที่ ไปทางเมล์ภาค7', 3, '', 2),
(60, 2, '2015-06-05 10:10:51', 'ส่ง แบบสำรวจโปรแกรมบริหารจัดการข้อมูลตรวจราชการ ผ่านทางอีเมล์ ocioj@coj.go.th', 3, '', 2),
(61, 2, '2015-06-05 10:12:34', 'ส่งรายงานการใช้ข้อมูลทะเบียนราชฎร ประจำเดือน พฤษภาคม 2558', 3, '', 2),
(62, 2, '2015-06-05 10:13:54', 'รายงานการใช้การใช้งานเวปคอนฟราเรนต์ ประจำเดือน พฤษภาคม 2558', 3, '', 2),
(63, 2, '2015-06-05 10:25:55', 'นำข่าวขึ้นเว็บไซต์ all for one กับท่านเพลินจิต รองประธานศาลฎีกา ตรวจราชการ ', 3, '', 2),
(65, 2, '2015-06-08 13:02:57', 'TOT ติดอินเตอร์เน็ต บ้านท่านหัวหน้า ท่านนววิช', 3, '', 2),
(66, 2, '2015-07-06 11:10:00', 'แก้ไขฟอร์มงานหมาย', 3, '', 2),
(67, 2, '2015-07-22 11:23:42', 'ตรวจสอบ/แก้ไข เครื่องถอดเทป บัลลังก์อาญา', 3, '', 2),
(68, 2, '2015-07-24 10:39:52', 'แก้ไขโปรแกรมงานรับฟ้อง', 3, '', 2),
(69, 2, '2015-07-24 13:13:16', 'ตรวจสอบเครื่องปริ้น ห้อง ผู้พิพากษา ชั้น ๒', 3, '', 2),
(70, 2, '2015-07-27 11:28:33', 'ซ่อม/แก้ไข เครื่องสแกนลายนิ้วมือ', 3, '', 2),
(71, 2, '2015-07-27 11:29:11', 'แก้ไขแบบฟอร์ม เครื่องหน้าบังลังก์แพ่ง', 3, '', 2),
(72, 2, '2015-07-28 11:44:43', 'ติดตั้งเครื่องคอมพิวเตอร์ ที่ห้อง ประสานการประชุม', 3, '', 2),
(73, 2, '2015-07-28 11:45:38', 'ไปงานพิธีช่วงเช้า ', 3, '', 2),
(74, 2, '2015-08-03 10:26:20', 'แก้ไขรายงาน อุทธรณ์', 3, '', 2),
(75, 2, '2015-08-14 10:38:24', 'ประชุมคอนฟาเรน 10.00_11.00', 3, '', 2),
(76, 2, '2015-08-17 11:25:17', 'แก้ไขฟอร์ม งานรับฟ้อง', 3, '', 2),
(77, 2, '2015-08-17 11:26:46', 'ทำหนังสือ เอกสารประกอบ โครงการประสานความร่วมมือ', 3, '', 2),
(78, 2, '2015-08-17 11:28:06', 'แบคอัพข้อมูล งานคลัง', 3, '', 2),
(79, 2, '2016-01-04 13:29:55', 'แก้ไขโปรแกรมรับฟ้องออกสถิติไม่ตรง', 3, '', 2),
(80, 2, '2016-01-04 13:36:45', 'ส่งรายงานวันทำการผ่านโปรแกรม', 3, '', 2),
(81, 2, '2016-01-04 13:38:51', 'เช็คโแรแกรมสถิติประจำปี', 3, '', 2),
(82, 2, '2016-01-04 13:39:57', 'เช็คระบบคอนฟาเรนต์กับสถานพินิจ', 3, '', 2),
(83, 2, '2016-01-04 13:41:08', 'แก้ไขฟอร์มงานประชาสัมพันธ์ การออกหมาย', 3, '', 2),
(84, 2, '2016-01-04 13:44:50', 'สแกนสำนวนส่งอุทธรณ์ 2เรื่อง', 3, '', 2),
(85, 2, '2016-01-07 09:53:31', 'ปริ้นงานจากโปรแกรมขอย้าย งานไกล่เกลี่ย', 3, '', 2),
(86, 2, '2016-01-11 11:45:10', 'ทำรูปประกอบข่าวประชาสัมพันธ์ วันเด็กแห่งชาติ 2559', 3, '', 2),
(87, 2, '2016-01-12 09:17:23', 'สแกน สำนวนส่งอุทธรณ์ อ.23/58 แดง 162/58 288 หน้า', 3, '', 2),
(88, 2, '2016-01-12 13:50:40', 'ตั้งค่า browser ie ให้รองรับโปรแกรม กรมบัญชีกลาง', 3, '', 2),
(89, 2, '2016-01-12 13:51:34', 'ลงโปรแกรม sarabun ให้นักจิตวิทยา', 3, '', 2),
(90, 2, '2016-01-14 10:25:46', 'แก้ไขโปรแกรม ป้อนคำสั่งศาล ศูนย์หน้าบัลลังก์', 3, '', 2),
(91, 2, '2016-01-19 09:41:58', 'แก้ไขเครื่องกล้องสืบพยาน', 3, '', 2),
(92, 2, '2016-01-19 09:43:11', 'เครื่องงานประชาสัมพันธ์ระบบเน็ตเวิกด์', 3, '', 2),
(93, 2, '2016-01-19 09:47:46', 'แก้ไข้ครื่องศูนย์หน้าบัลลังก์ mapdrive', 3, '', 2),
(94, 2, '2016-01-19 11:36:39', 'จัดเตรียมไมค์ห้องประชุม(ประชุมสมทบวันที่20มค59', 3, '', 2),
(95, 2, '2016-02-15 09:11:35', 'จัดทำเอกสารเพิ่มศักยภาพ 59\r\nดี 8 ชุด\r\nธรรมดา 30 ชุด ', 3, '', 2),
(96, 2, '2016-02-15 09:18:58', 'powerpoint โครงการ แก้ไขบำบัด ฟื้นฟู 18 ก.พ. 59\r\n', 3, '', 2),
(97, 2, '2016-02-15 10:41:45', 'แก้ไข ฟอร์ม หน้าบัลลังก์ ศูนย์หน้า', 3, 'ok', 2),
(98, 2, '2016-02-15 13:54:51', 'ส่งเมล์ ร้านป้าย โครงการศักยภาพ\r\n', 3, '', 2),
(99, 2, '2016-02-16 11:55:02', 'ออกแบบป้ายโครงการสนับสนุนการแก้ไข บำบัด ฟื้นฟู', 3, 'ขึ้นจอ', 2),
(100, 2, '2016-02-26 09:00:00', 'ติดตั้งเครื่อง บังคับนายประกัน', 3, '', 2),
(101, 2, '2016-02-26 10:00:00', 'ติดตังเครื่องงานรับฟ้อง', 3, '', 2),
(102, 2, '2016-03-02 10:25:00', 'cat intenet เข้าเช็ค coj free wifi', 3, 'รอกาเซ็ตจากcat ส่วนกกลาง', 2),
(103, 2, '2016-03-02 10:25:00', 'ส่งรายงานบัญชัวันทำการ ก.พ.59', 3, '', 2),
(104, 2, '2016-03-02 10:45:00', 'จัดทำใบประกาศ โครงการ เพิ่มศักยภาพ59', 3, '', 2),
(105, 2, '2016-03-03 12:00:06', 'ปรับฟอร์มโปรแกรมงานหมาย', 3, '', 2),
(106, 2, '2016-03-03 12:00:50', 'แก้ไขโปรแกรมเครื่องบันทึกเทปบัลลังก์อาญา', 3, '', 2),
(107, 2, '2016-03-03 12:01:52', 'แนะนำโปรแกมส่งอุทธรณ์ งานอุทธรณ์', 3, '', 2),
(108, 2, '2016-03-03 16:47:44', 'แชร์ปริ้นเตอร์งานการเงิน', 3, '', 2),
(109, 2, '2016-03-04 11:40:55', 'สแกนสำนวนส่งอุทธรณ์ อ.57/58 แดง186/58', 3, '', 2),
(110, 2, '2016-03-04 11:42:15', 'แก้ไขโปรแกรมหน้าบัลลังก์เมนูออกเลขส่ง', 3, '', 2),
(111, 2, '2016-03-09 10:14:23', 'เปลี่ยนหมึกพิมพ์ งานไกล่เกลี่ย', 3, '', 2),
(112, 2, '2016-03-09 10:47:05', 'กรอกแบบสำรวจ คอมพิวเตอร์ทดแทน', 3, '', 2),
(113, 2, '2016-04-01 14:37:14', 'ส่งเมล์ แบบสำรวจความต้องการใชห้องสมุด 2559 พี่อบ', 3, '', 2),
(114, 2, '2016-04-01 14:40:23', 'รับหัวหน้า ศรินญา และ ผอ.สุรเกียรติ ', 3, '', 2),
(115, 2, '2016-04-01 14:41:16', 'เพิ่มข้อมูลผอ.สุรเกียรติ เข้าโปรแกรมสแกนลายนิ้วมือ', 3, '', 2),
(116, 2, '2016-04-01 14:42:08', 'เช็คระบบฝัดฟ้องผ่านจอภาพ งานคดี', 3, '', 2),
(117, 2, '2016-04-01 14:44:48', 'เพิ่ม รายชื่อ บุคคลในกล่อง 03 ของโปรแกรมรับส่งเอกสารศาลฎีกา คุณวลัยพร', 3, '', 2),
(118, 2, '2016-04-01 14:47:13', 'ส่งรายงานผลการดำเนินงานประชาสัมพันธ์ ผ่านอีเมล์ ไปยัง ภาค7และกองสารนิเทศปละประชาสัมพันธ์\r\n', 3, '', 2),
(119, 2, '2016-04-01 15:37:25', 'โหลดแบบประเมิน มิติ 59', 3, '', 2),
(120, 2, '2016-04-01 15:37:54', 'ทำปก สันแฟ้ม idp ผอ กับ หัวหน้ากลุ่มช่วยอำนวยการ', 3, '', 2),
(121, 2, '2016-04-01 16:27:50', 'ส่ง บัญชีวันทำการ เดือน มีนาคม 2559', 3, '', 2),
(122, 2, '2016-04-04 09:34:15', 'งานคดี แก้ไขแบบรายงานคดีประจำวัน ', 3, '', 2),
(123, 2, '2016-04-04 09:35:39', 'ตรวจเช็คเครื่องฐานข้อมูลกลาง งานไกล่เกลี่ย', 3, '', 2),
(124, 2, '2016-04-04 09:36:34', 'ลงโปรแกรมที่ สามารถเปิดไฟล์.rar เครื่องหัวหน้าศูนย์นัดความ', 3, '', 2),
(125, 2, '2016-04-04 09:38:02', 'แก้ไขรายงานประจำเดือน หมายจับหมายค้น งานรับฟ้อง', 3, '', 2),
(126, 2, '2016-04-04 10:50:42', 'แก้ไข ฟอร์ม หมายจับ-หมายค้น', 3, '', 2),
(127, 2, '2016-04-04 11:10:05', 'ปริ้นเอกสาร คำสั่งย้าย ทางอีเมล์', 3, '', 2),
(128, 2, '2016-04-04 11:17:16', 'รายงาน mpls', 3, '', 2),
(129, 2, '2016-04-12 00:09:30', 'ติดตั้งเครื่องพิมพ์ให้ พ.อาวุโส', 3, '', 2),
(130, 2, '2016-04-12 00:10:41', 'ปริ้นข่าวให้งานประชาสัมพันธ์', 3, '', 2),
(131, 2, '2016-04-12 00:11:48', 'สแกนเอกสารส่งอุทธรณ์ 1 เรื่อง', 3, '', 2),
(132, 2, '2016-05-02 09:35:00', 'โปรแกรมงานประชาสัมพันธ์', 3, 'ปรับแก้ไขการออกสัญญาประกัน', 2),
(133, 2, '2016-05-02 13:40:00', 'เครื่องงานกลุ่มช่วยอำนวยการ โปรแกรม access ปริ้นไม่ได้', 3, 'ลบเครื่องปริ้น แล้ว add ใหม่', 2),
(134, 2, '2016-05-02 14:40:00', 'ส่งรายงานบัญชีวันทำการ เดือน เมษายน 59', 3, '', 2),
(135, 2, '2016-05-03 09:10:00', 'เช็คข้อมูล ปชส ลงข้อมูลซ้ำ', 3, '', 2),
(136, 2, '2016-05-03 09:30:00', 'เครื่องพิมพ์งานอุทธรณ์ printer spool', 3, '', 2),
(137, 2, '2016-05-03 11:30:00', 'โปรแกรมหมายจับ', 3, '', 2),
(138, 2, '2016-05-24 09:06:17', 'กลุ่มงานคลัง ขอ ผังอาคารศาล', 3, '', 2),
(139, 2, '2016-05-24 09:07:03', 'ศย 005/ว311 ส่งสมุดโทรศัพท์ grad@coj.go.th', 3, '', 2),
(140, 2, '2016-05-24 09:55:00', 'โหลด ระเบียบ กบศ ว่าด้วยวินัยและการออกราชการ ศย 004/ว290\r\n', 3, '', 2),
(141, 2, '2016-05-26 09:12:47', 'โปรแกรมสาราบรรณ(งานคดี) ลงเวอร์ชั่นใหม่\r\n', 3, '', 2),
(142, 2, '2016-05-26 09:40:13', 'ค้นทะเบียนราษฎร 1 รายการ', 3, '', 2),
(143, 2, '2016-05-26 16:17:37', 'ส่งเอกสาร แบบฟอร์ม งานคดี 3 รายการ', 3, '', 2),
(144, 2, '2016-05-29 14:00:00', 'จัดห้องประชุม รองรับคดี เด็กแว๊น', 3, '', 2),
(145, 2, '2016-05-30 14:20:00', 'ย้ายเครื่องคอม บ.อาญา', 3, '', 2),
(146, 2, '2016-05-30 09:00:00', 'ห้องประชุม คดีเด็กแว้น', 3, '', 2),
(147, 2, '2016-05-30 14:25:00', 'เครื่องปริ้น งานประชาสัมพันธ์ ตั้งค่าใหม่', 3, 'ตั้งค่าไม่ให้ sleep', 2),
(148, 2, '2016-05-30 13:30:00', 'โปรแกรมศาล record del', 3, 'กระชับฐานข้อมูล', 2),
(149, 2, '2016-05-30 13:35:00', 'ย้ายเครื่องคอม กลุ่มงานคลัง', 3, '', 2),
(150, 2, '2016-05-30 09:00:00', 'เช็ดเครื่องฐานข้อมูลกลาง ไม่สามารถเข้าใช้ได้', 3, '', 2),
(151, 2, '2016-05-31 09:08:47', 'บ.อาญา เช็คระบบกล้องสืบพยานเด็ก ', 3, '', 2),
(152, 2, '2016-05-31 09:10:00', 'ห้องนักจิตวิทยา เครื่องโทรศัพท์', 3, '', 2),
(153, 2, '2016-05-31 11:20:00', 'โปรแกรมสถิติประจำวัน ไม่ตรง ', 3, 'ข้อมูลการบันทึก อ.84/59 มีบาง field ที่ไม่สมบูรณ์ ปรับตาม', 2),
(154, 2, '2016-05-31 15:21:53', 'ปรับฟอร์มงานหมาย', 3, 'เพิ่ม report การพิมพ์หมาย ', 2),
(155, 2, '2016-06-01 13:19:58', '-ปรับโปรแกรม งานประชาสัมพันธ์', 3, 'ปรับในส่วน บังคับคดีนายประกัน', 2),
(156, 2, '2016-06-01 13:20:58', 'เครื่องการเงินเปิดไม่ติด ', 3, 'เปลี่ยนเครื่องให้ใหม่', 2),
(157, 2, '2016-06-02 09:00:40', 'แบบคำของบประมาณ ปี2560 จากสำนักแผนและงบประมาณ ให้งานประชาสัมพันธ์', 3, 'ดาว์โหลด ไว้ที่ข้อมูลกลาง', 2),
(158, 2, '2016-06-02 09:30:00', 'ดาว์โหลดระเบียบ กบศ การอบรมและพัฒนาข้าราชการ ฉ.6 2559 ตามหนังสือ ศย 002/ว329', 3, 'ส่งให้ดลยา 9.40น.', 2),
(159, 2, '2016-06-02 11:20:00', 'นำเก้าอี้ ไปคืนวัด ', 3, '', 2),
(160, 2, '2016-06-01 13:25:00', 'ส่งบัญชีวันทำการผ่านโปรแกรมสแกนนิ้ว', 3, '', 2),
(161, 2, '2016-06-02 12:53:36', 'แบบสำรวจรายชื่อ นวก/พนง.คอม ส่ง 15 มิถุนายน 2559', 3, '', 2),
(162, 2, '2016-06-02 16:34:41', 'ส่งแบบสำรวจรายชื่อนักวิชาการคอมพิวเตอร์ ', 3, '', 2),
(163, 2, '2016-06-03 16:57:23', 'โครงการเผยแพร์ความรู้ด้านกฎหมาย โรงเรียนพระแม่มารี', 3, '', 2),
(164, 2, '2016-06-03 16:58:17', 'ส่งแบบสำรวจเครื่อง server\r\nรายงานผลทะเบียนราษฎร', 3, '', 2),
(165, 2, '2016-06-08 14:15:00', 'จัดห้องประชุมสมทบ ชั้น 3', 3, '', 2),
(166, 2, '2016-06-09 07:20:00', 'ร่วมกิจกรรมตักบาตร หน้าศาลหลักเมือง', 3, '', 2),
(167, 2, '2016-06-09 14:55:00', 'ส่งแบบสำรวจห้องสมุด  ส่งภายในวันที่ 15 มิ.ย.59', 3, 'ส่งภายในระยะเวลาที่กำหนด', 2),
(168, 2, '2016-06-09 15:00:00', 'รายงานสภาพปัญหาและขัดข้องในการปฏิบัติราชการ ตามแบบรายงานการตรวจราชการ ส่ง ภายในวันที่ 23 มิถุนายน 2559', 3, '', 2),
(169, 2, '2016-06-10 04:30:00', 'ไปงาน all for one ที่ราชบุรี', 3, '', 2),
(170, 2, '2016-06-13 16:25:54', 'เพิ่มเมนู โปรแกรมประชาสัมพันธ์ ปรับนายประกัน แก้รรายงานปรับนายประกัน', 3, '', 2),
(171, 2, '2016-06-13 16:27:08', 'โปรแกรมหมาย  แก้ไขฟอร์มหมายถึงที่สุด\r\n', 3, 'ok', 2),
(172, 2, '2016-06-13 16:28:48', 'เครื่องปริน บัลลังก์อาญา ', 3, '', 2),
(173, 2, '2016-06-13 16:29:32', 'ระบบโทรศัพท์ ภายใน ', 3, 'reset', 2),
(174, 2, '2016-06-20 11:15:00', 'โปรแกรมงานประชาสัมพันธ์ ปรับฟอร์มปรับนายประกัน A4', 3, '', 2),
(175, 2, '2016-06-20 11:15:00', 'โปรแกรมงานรับฟ้อง', 3, '', 2),
(176, 2, '2016-06-22 08:20:17', ' จัดห้องโครงการ พี่เมย์ ไกล่เกลี่ย วันที่ 23/06/59\r\n', 3, '', 2),
(177, 2, '2016-11-08 13:41:20', 'วันที่ 8 พ.ย.2559 เวลา 12.00 จัดการอบรมโปรแกรม คัดสำเนาคำพิพากษาระหว่างศาล', 3, 'idp พื้นฐานการใช้งานคอมพิวเตอร์', 2),
(178, 2, '2016-11-07 08:30:00', 'เปิดทีวีห้องศีลธรรม', 3, '', 2),
(179, 2, '2016-11-08 09:20:00', 'เปลี่ยนตลับหมึก บัลลังก์อาญา', 3, 'ok', 2),
(180, 2, '2016-11-08 10:00:00', 'สแกนสำนวนส่งอุทธรณ์ อ.41/59 แดง96/59', 3, 'โอเค', 2),
(181, 2, '2016-11-07 16:10:00', 'ตั้งโปรแกรม senddoc ให้นางสาวศรินยา เซต กล่องรับส่งของศาลชำนัญพิเศษ \r\nสแกนเอกสารอุทธรณคำสั่ง', 3, 'ประชาสัมพันธ์', 2),
(182, 2, '2016-11-09 09:58:01', 'จัดห้องประชุมเตรียมการอรมโปรแกรมคัดถ่ายระหว่างศาล', 3, '', 2),
(183, 2, '2016-11-09 09:58:44', 'แก้ไข fie ข้อมูล ส่งอุทธรณ์', 3, '', 2),
(184, 2, '2016-11-09 10:37:03', 'แก้ไขเครื่องพิมพ์การเงิน นุจรีย์', 3, 'ตั้งเครื่องพิมพ์ไปที่ hp 1020 เนื่องจากหมึกพิมพ์เครื่องbrotherหมด', 2),
(185, 2, '2016-11-09 10:37:35', 'เครื่องคอมศูนย์หน้า เอก.', 3, 'ลงโปรแกรม หน้าบัลลังก์ใหม่', 2),
(186, 2, '2016-11-09 14:39:29', 'ลงโปรแกรม จับ-ค้น,อุทรธณ์ฎีกา หัวหน้ากลุ่มงานคดี', 3, '', 2),
(187, 2, '2016-11-10 11:24:07', 'เซตเครื่องปรินต์ samsung หัวหน้่ากลุ่มช่วยอำนวยการ', 3, '', 2),
(188, 2, '2016-11-10 11:25:39', 'ลงโปรแกรมทะเบียนทรัพย์สิน กรมบัญชีกลาง งานคลัง\r\n', 3, 'ต้องลงเวอร์ชั่น1.2ก่อน', 2),
(189, 2, '2016-11-14 09:57:18', 'เช็คเครื่องเสียงงานประชาสัมพันธ์', 3, 'ถ่ายไมค์ประกาศหมด', 2),
(190, 2, '2016-11-14 09:57:51', 'ไปร่วมงานพิธีที่ อบจ.', 3, '', 2),
(191, 2, '2016-11-14 09:58:15', 'แก้ไขโปรแกรม ออกใบเสร็จ ตจ.164/59 \r\nการเงิน', 3, '', 2),
(192, 2, '2016-11-14 09:59:10', 'เปิดเครื่อง ห้องศีลธรรม', 3, '', 2),
(193, 2, '2016-11-14 13:13:29', 'ติดตั้งเครื่องสแกน hp ศูนย์หน้าบัลลังก์', 3, '', 2),
(194, 2, '2016-11-14 13:14:07', 'สแกนสำนวนส่งอุทธรณ์ พ.156/59 เพิ่งเติม', 3, '', 2),
(195, 2, '2016-11-15 15:44:52', 'ติดตั้งเครื่องพิมพ์พร้อมเซ็ตระบบการพิมพ์  samsung งานคดี', 3, '', 2),
(196, 2, '2016-11-15 15:45:43', 'ติดตั้งเครื่องพิมพ์พร้อมเซ็ตระบบการพิมพ์ บัลลังก์อาญา', 3, '', 2),
(197, 2, '2016-11-15 15:46:08', 'ติดตั้งเครื่องพิมพ์พร้อมเซ็ตระบบการพิมพ์ บัลลังก์แพ่ง samsung', 3, '', 2),
(198, 2, '2016-11-15 09:30:00', 'ลงข่าว รับสมัคร พ.สมทบ ผ่านเว็บไซต์', 3, '', 2),
(199, 2, '2016-11-16 09:16:31', 'ลงโปรแกรมงานรับฟ้อง 9.7 (ปรับปรุง idcard)', 3, 'ทดสอบการใช้', 2),
(200, 2, '2016-11-16 09:57:41', 'สอนการใช้เครื่องปรินต์ samsung บัลลังก์อาญา', 3, '', 2),
(201, 2, '2016-11-16 09:58:35', 'จัดห้องประสานการประชุม\r\n\r\n', 3, '', 2),
(202, 2, '2016-11-16 10:24:18', 'จัดภาพข่าวประชาสัมพันธ์ 2 ข่าว วันบิดาฝนหลวง all for one', 3, '', 2),
(203, 2, '2016-11-16 14:22:39', 'ลงโปรแกรมงานสารบรรณ ให้ประชาสัมพันธ์', 1, NULL, NULL),
(204, 2, '2016-11-16 15:03:55', 'ติดตั้งโปรแกรม เครื่องคอมพิวเตอร์นักจิต dell รับมาใหม่', 1, NULL, NULL),
(205, 2, '2016-11-21 09:05:50', 'โปรแกรมสถิติ งานคดี', 1, NULL, NULL),
(206, 2, '2016-11-21 09:06:18', 'เปิดเครื่องวีดีทัส ห้องศีลธรรม', 3, '', 2),
(207, 2, '2016-11-21 09:06:43', 'ลงข่าวประชาสัมพันธ์ 2ข่าว \r\n-all for one\r\n-วันบิดาฝนหลวง', 3, '', 2),
(208, 2, '2016-11-21 09:07:32', 'ดาว์โหลดหนังสือการรับสมัคร ทนา่ยขอแรงศาลอาษาคดีทุจริต', 3, 'ส่งให้หัวหน้ากลุ่มช่วยอำนวยการ', 2),
(209, 2, '2016-11-21 13:30:00', 'โปรแกรมรับฟ้อง ปัญหาเรื่องออกแดง', 3, 'รับฟ้อง', 2),
(210, 2, '2016-11-21 13:40:00', 'สแกนสำนวนอุทะรณ์ พ.104/58 แดง110/59', 3, 'งานอุทธรณ์', 2),
(211, 2, '2016-11-21 16:15:00', 'จัดสถานที่ งานพิธี เพลงสรรเสริญพระบารมี', 3, '', 2),
(212, 2, '2016-11-21 14:15:00', 'สแกน สำนวน ส่ง อุทธรณ์ \r\nพ.42-58แดง147-59\r\nอ.25-59แดง111-59', 3, '', 2),
(213, 2, '2016-11-28 08:57:45', '29 พ.ย.59 ทดสอบคอน แขวงสุราษ ช่วงบ่าย พี่ชัย แขวงสุราษ 0910351067', 1, NULL, NULL),
(214, 2, '2016-11-28 10:32:38', 'ลงโปรแกรม word2007 เครื่่อง ศูนหน้าบัลลังก์ เอกชวัช', 1, NULL, NULL),
(215, 2, '2016-12-26 14:27:24', '1144522kkkkiiikjgggyyy', 3, 'ggfdss', 2),
(216, 24, '2017-01-25 22:47:39', '123456', 1, NULL, NULL),
(217, 24, '2017-01-25 22:47:39', '123456', 1, NULL, NULL),
(218, 24, '2017-01-25 22:48:31', '32145669877 ทดสอบการแจ้ง', 1, NULL, NULL),
(219, 23, '2017-01-26 00:00:32', 'นอน', 1, NULL, NULL),
(220, 20, '2017-01-30 14:28:54', 'ส่งสถิติไม่ได้ค่ะ\r\n', 1, NULL, NULL),
(221, 23, '2017-02-01 23:35:07', 'ทดสอบการแจ้ง จาก 10.37.64.1', 1, NULL, NULL),
(222, 23, '2017-02-13 03:19:18', '123445', 1, NULL, NULL),
(223, 13, '2017-02-21 09:12:50', 'ศุกร์นี้มี KM รึป่าวครับ  24 กุมภาพันธ์ 60 ไม่เห็นลงเลย', 1, NULL, NULL);

-- --------------------------------------------------------

--
-- Table structure for table `judgement`
--

CREATE TABLE `judgement` (
  `id` int(13) NOT NULL,
  `black_number` varchar(100) COLLATE utf8_unicode_ci NOT NULL COMMENT 'เลขอ้างอิง 1',
  `doc_type_id` varchar(100) COLLATE utf8_unicode_ci NOT NULL COMMENT 'ประเภทหนังสือ',
  `black_append` varchar(255) COLLATE utf8_unicode_ci DEFAULT NULL COMMENT 'เลขพ่วงสุดท้าย',
  `red_number` varchar(255) COLLATE utf8_unicode_ci DEFAULT NULL COMMENT 'เลขอ้างอิง 2',
  `doc_style_id` varchar(255) COLLATE utf8_unicode_ci DEFAULT NULL COMMENT 'หมายเหตุ',
  `file_name` varchar(255) COLLATE utf8_unicode_ci DEFAULT NULL COMMENT 'ชื่อเอกสาร',
  `file_size` mediumint(9) DEFAULT NULL COMMENT 'ขนาดของไฟล์',
  `scan_by` varchar(50) COLLATE utf8_unicode_ci DEFAULT NULL COMMENT 'ผู้สแกน',
  `scan_datetime` char(14) COLLATE utf8_unicode_ci DEFAULT NULL COMMENT 'วันที่สแกน',
  `upload_by` varchar(13) COLLATE utf8_unicode_ci DEFAULT NULL COMMENT 'ผู้อับโหลด',
  `upload_datetime` char(14) COLLATE utf8_unicode_ci DEFAULT NULL COMMENT 'วันที่อับโหลด',
  `transfer_status` int(9) DEFAULT NULL COMMENT 'สถานะการอับโหลด',
  `file_page` mediumint(9) DEFAULT '0' COMMENT 'จำนวนหน้า',
  `create_at` timestamp NOT NULL DEFAULT CURRENT_TIMESTAMP
) ENGINE=MyISAM DEFAULT CHARSET=utf8 COLLATE=utf8_unicode_ci ROW_FORMAT=COMPRESSED;

--
-- Dumping data for table `judgement`
--

INSERT INTO `judgement` (`id`, `black_number`, `doc_type_id`, `black_append`, `red_number`, `doc_style_id`, `file_name`, `file_size`, `scan_by`, `scan_datetime`, `upload_by`, `upload_datetime`, `transfer_status`, `file_page`, `create_at`) VALUES
(1, 'bU-iMp03L', 'คำสั่งศยจ', '-', 'คำสั่งศาลฯ ที่ 136_2559 เรื่องแต่งตั้งผู้ออกหน่วย จังหวัดเคลื่อนที่', '', '9a95a17c01af0a804cde05e0e55f9b64.pdf', 61, '', '25591226161454', 'ok', '25591226161505', 8, 1, '2016-12-26 02:15:04'),
(2, 'dKVpBbgE_', 'หนังสือเวียนA', '-', 'สำนักงานต่างประเทศให้ข้าราชการฝ่ายตุลาการ สมัครขอรับทุนไปศึกษา ปิดรับวันที่ 3 กุมภาพันธ์ 2560', '', '09be0c6dcf3bb4af002f255c35e08b2c.pdf', 82, '', '25591217224836', 'ok', '25591217230207', 4, 1, '0000-00-00 00:00:00'),
(3, 'lU9jcBA5g', 'หนังสือเวียนB', '-', 'การคัดถ่ายเอกสารให้ผู้มาติดต่อราชการของศาล', '', '038e1de680d8a9d742af45e82abd9b5a.pdf', 39, '', '25591219115547', 'ok', '25591219115556', 2, 1, '2016-12-18 21:55:54'),
(4, 'pVc58kXFL', 'หนังสือเวียนB', '-', 'ประกาศศาลฯ เรื่องรายชื่อผู้มีสิทธิการรับสมัครพนักงานจ้างเหมาบริการรายบุคคล ตน. นิติการ ,เจ้าหน้าที่', '', '3cf8561b2544dac541076233997b7564.pdf', 51, '', '25591219130735', 'ok', '25591219130742', 1, 2, '2016-12-18 23:07:40'),
(5, 'tU9vpX1Xb', 'ตารางเวร', '-', 'ตารางเวร เดือน ธันวาคม 2559', '', '0dd7eaad164707554259c4a3adb9449c.pdf', 122, '', '25591219144137', 'ok', '25591219144145', 1, 1, '2016-12-19 00:41:44'),
(6, 'rztKgcb-G', 'เอกสาร', '-', 'แบบแจ้งรายการเพื่อการหักลดหย่อน', '', '7598f7cd221ea7d716b0390fdb47e96e.pdf', 106, '', '25591221105833', 'ok', '25591221105856', 1, 1, '2016-12-20 20:58:54'),
(7, 'YQCOfJoy9', 'ตารางเวร', '-', 'ตารางเวร มกราคม 2560', '', 'd5558a30ef5fa01c193e9e4f6edf88a1.pdf', 112, '', '25591219160521', 'ok', '25591219160530', 3, 1, '2016-12-19 02:05:28'),
(8, 'w3gKmsjMe', 'เอกสาร', '-', 'เอกสารประกอบการอบรม งานคดี', '', '3fbf9307ee9c3eca2743e94a246b04c5.pdf', 112, '', '25591222095125', 'ok', '25591222095137', 1, 3, '2016-12-21 19:51:37'),
(9, 'MCAP1a-Uk', 'หนังสือเวียนB', '-', 'ขอแจ้งให้ทราบการจัดทำโครงการ บำบัดทุก บำรุงสุข (จังหวัดเคลื่อนที่)', '', 'b8e63cc011b6e1af24a3340c62f5a0a8.pdf', 102, '', '25591226161832', 'ok', '25591226161838', 2, 2, '2016-12-26 02:18:37'),
(10, 'LNF4Vif2F', 'หนังสือเวียนB', '-', 'ขอแจ้งให้ทราบการจัดทำโครงการ "ฉลาดรู้กับศาลเยาวชนและครอบครัวจังหวัดประจวบคีรีขันธ์"', '', '25a0ceb4ddc098e3aa1dd2364c53aea5.pdf', 117, '', '25591226162136', 'ok', '25591226162416', 2, 3, '2016-12-26 02:24:14'),
(11, 'x0qt0hhty', 'หนังสือเวียนB', '-', 'เรื่อง แต่งตั้งคณะทำงานโครงการ ด้วยรักและห่วงใยแด่เด็กและเยาวชน(วันเด็ก2560)', '', '3ef9257988c52c8ad07719ba15cc3c87.pdf', 207, '', '25591227160035', 'ok', '25591227160101', 4, 4, '2016-12-27 02:00:59'),
(12, '-Uf8caFRc', 'หนังสือเวียนB', '-', 'แต่งตั้งคณะทำงาน โครงการ บรรพชาสามเณรเพื่อถวายเป็นพระราชกุศลแด่พ่อแห่งแผ่นดิน', '', 'c9ea4cae7c1d91d1dca3f6ac9f2e47ec.pdf', 228, '', '25591227160553', 'ok', '25591227160608', 4, 5, '2016-12-27 02:06:06'),
(13, 'Qnw-buDSK', 'หนังสือเวียนA', '', '137/59  แต่งตั้งคณะทำงาน โครงการบรรพชาสามเณรเพื่อถวายเป็นพระราชกุศลแด่พ่อแห่งแผ่นดิน', '', '732311b1fdd92e2a3bf56d900d1b4da1.pdf', NULL, '', '', 'ok', '', 4, 1, '2016-12-27 02:31:59'),
(14, 'FlgGYiZ2R', 'คำสั่งสนง', '', 'การทำรายงานการอบรม(สรุป idp) ส่งกลุ่มช่วยอำนวยการ ภายในวันที่ 10 ก.พ. 60 ', '', 'dadcdb6a3f8338ee59bd31954b36ceae.pdf', NULL, '', '', 'ok', '', 20, 1, '2017-02-06 00:02:28'),
(15, 'tUNyu4MB1', 'คำสั่ง', '-', 'พ.83_59 แดง 166_59', '', 'f18c20c02a3a13c7fecdd135dec6a446.pdf', 14282, '', '25591230140540', 'ok', '25591230140711', 1, 7, '2016-12-30 00:07:08'),
(16, '1NOxrPxBm', 'คำสั่ง', '-', 'พ.127_59 แดง 167_59', '', '4c58a47569b6b1c98b6bc4305faee190.pdf', 236, '', '25591230145402', 'ok', '25591230152906', 1, 3, '2016-12-30 01:29:02'),
(17, 'WJhZuOHAu', 'เอกสาร', '-', 'ผู้สมัครสมทบ สมัยที่แล้ว', '', '30fed1e38900842c98165c83c8e5bdf0.pdf', 52, '', '25600104104305', 'ok', '25600104104315', 1, 1, '2017-01-03 20:43:13'),
(18, 'X7hxxJt1K', 'เอกสาร', '-', 'การรายงานผลการดำเนินงานประชาสัมพันธ์(ภาค7)', '', 'b43206eff47f360815f72f40909799e9.pdf', 137, '', '25600104143805', 'ok', '25600104143824', 1, 4, '2017-01-04 00:38:22'),
(19, '3x0BAlNsU', 'เอกสาร', '-', 'การรายงานผลการดำเนินงานประชาสัมพันธ์(กองสารนิเทศก์)', '', 'caf276b1e496760a0e64dac28355b975.pdf', 336, '', '25600104144201', 'ok', '25600104144215', 1, 9, '2017-01-04 00:42:14'),
(20, 'WjTa4DLze', 'หนังสือเวียนB', '01-60', 'รายงานการประชุมคณะทำงานพัฒนาระบบงาน ครั้งที่ 7_59', '', '5e7e18dc55dc449639b72e363d52474f.pdf', 1133, '', '25600118162433', 'ok', '25600118162805', 522, 18, '2017-01-18 02:28:02'),
(21, 'ikBt_VRgb', 'หนังสือเวียนB', '-', 'บท. เข้าร่วมกิจกรรมในโครงการ บรรพชาสามเณรเพื่อถวายเป็นพระราชกุศลแค่พ่อแห่งแผ่นดิน', '', 'd22d015ad53401c94a402686e21e2391.pdf', 88, '', '25600118162755', 'ok', '25600118162805', 35, 2, '2017-01-18 02:28:02'),
(22, 'UuR-klXBr', 'ตารางเวร', '-', 'ตารางเวร+ผู้ตรวจ เดือน กุมภาพันธ์ 2560', '', '5dbdbfec5e5ef9712c877a3be7b1759e.pdf', 165, '', '25600201114711', 'ok', '25600201114737', 11, 1, '2017-01-31 21:47:34'),
(23, 'ynDroPBiF', 'เอกสาร', '-', 'ทิ้งฟ้อง รายงานเจ้าหน้าที่ ok', '', 'b220418d1561579142ea151ce8f7fbef.pdf', 38, '', '25600124100137', 'ok', '25600124100147', 1, 1, '2017-01-23 20:01:45'),
(24, 'SWdRo4iYf', 'หนังสือเวียนA', '-', 'ที่ ศย 307.001_6589 ลว.28 ธ.ค.59 เรื่อง ผลประเมินการปฏิบัติราชการของศาลฯ (ศาลเด่น 2559_2)', '', 'cb8e1ea20fcf5def361b6f2cc8b94a28.pdf', 62, '', '25600124101517', 'ok', '25600124101527', 13, 1, '2017-01-23 20:15:25'),
(25, 'GWbmHmYUx', 'คำสั่งศยจ', '-', 'คำสั่งศาลฯ ที่ 8_2560 เรื่อง แต่งตั้งคณะกรรมการกลั่นกรองการประเมินผลการปฏิบัติราชการของข้าราชการ ลูกจ้างและพนักงานราชการศาลยุติธรรม ระดับหน่วยงาน', '', '786d9fd69b08486e29127a02c7e0b748.pdf', 90, '', '25600207114522', 'ok', '25600207114607', 17, 1, '2017-02-06 21:46:04'),
(26, '34jYV99Xl', 'หนังสือเวียนA', '-', 'ซักซ้อมความเข้าใจ การแต่งตั้งคณะกรรมการตามระเบียบกระทรวงยุติธรรมว่าด้วย การจำแนกลักษณะผู้ต้องหาฯ', '', 'd8f62cf405f20504f1b18f89da34d477.pdf', 89, '', '25600118160745', 'ok', '25600118160756', 17, 1, '2017-01-18 02:07:54'),
(27, 'IUChpdV36', 'เอกสาร', '-', 'แบบรายงานสถิติคดีเยาวชนและครอบครัวประจำเดือน', '', '91897df2ca2a11d106953e724ea143d6.pdf', 9372, '', '25600110104338', 'ok', '25600110105101', 1, 1, '2017-01-09 20:50:57'),
(28, 'IwA5d-BUH', 'หนังสือเวียนB', '-', 'การเข้าร่วมพิธีบำเพ็ญกุศล เนื่องในโอกาสทรงบำเพ็ญพระราชกุศล 100 วัน', '', '097bef34ae257ffc2a228a3f3dd52d47.pdf', 165, '', '25600111115641', 'ok', '25600111115647', 256, 3, '2017-01-10 21:56:43'),
(29, 'z56lVQuyT', 'หนังสือเวียนA', '', 'การพัฒนาศักยภาพบุคลากร โดยการเรียนรู้ภาษาต่างประเทศผ่านโปรแกรมกาเรียนรู้ด้วยตนเอง', '', 'b65575ac95965dfe35e43b8670ef2d18.pdf', NULL, '', '', 'ok', '', 9, 1, '2017-01-11 01:48:24'),
(30, 'iVQFVv6Ss', 'หนังสือเวียนB', '-', 'บท. กำหนดวันประชุมคณะทำงาน โครงการ บำบัด ฟื้นฟู เด็กเยาวชน วันที่ 16 ม.ค.60 เวลา 15.30', '', '053c27f4f99e46c337be395210b4b6f5.pdf', 54, '', '25600112105558', 'ok', '25600112105614', 16, 1, '2017-01-11 20:56:13'),
(31, 'wIA5Sx6JD', 'คำสั่งศยจ', '-', 'คำสั่งศาลฯ ที่ 139_2559 เรื่อง แต่งตั้งคณะทำงานโครงการ แก้ไข บำบัด ฟี้นฟู เด็ก(ครอบครัวสัมพันธ์)', '', 'e1e70252c1dca98ae26ea17fa56c3782.pdf', 162, '', '25600113110211', 'ok', '25600113110223', 16386, 4, '2017-01-12 21:02:23'),
(32, '7mcWhvHZn', 'ตารางเวร', '', 'ตารางเวร เดือน มีนาคม 2560 + ผู้ตรวจ', '', '083ca4f99ec6939b90c24a445dc5a3a2.pdf', NULL, '', '', 'ok', '', 12, 1, '2017-02-26 21:11:07'),
(33, 'AHcYcJgOW', 'ตารางเวร', '-', 'ตารางเวร เดือน เมษายน 2560 + ผู้ตรวจ', '', 'cd5df753b0cb689ca264852cf6115f5a.pdf', 7009, '', '25600317093006', 'ok', '25600317093025', 7, 1, '2017-03-16 19:30:32'),
(34, 'aAECGHlOv', 'หนังสือเวียนB', '-', 'กำหนดการอบรม  การเขียนหนังสือราชการ วันที่ 17 ก.พ.60 เวลา 12.00น. ณ ห้องประชุมชั้น 3', '', '177c39d41fac2b4008520a6867f1f4c3.pdf', 76, '', '25600214101326', 'ok', '25600214101337', 8, 1, '2017-02-13 20:13:37'),
(35, 'GtdoCxWM7', 'หนังสือเวียนB', '-', 'อบรม การรายงานคดีและการจัดทำสถิติคดี วันศุกร์ที่ 24 ก.พ.60 เวลา 12.00-13.00 น.', '', '77f9d6189a49e8763226436752c49df6.pdf', 24, '', '25600222114001', 'ok', '25600222114030', 4, 1, '2017-02-21 21:40:30'),
(36, 'j3FZgnmv7', 'หนังสือเวียนB', '-', 'กำหนดการอบรม "การปล่อยชั่วคราว" วันศุกร์ที่ 3 มีนาคม 2560 เวลา 12.00-13.00 น.', '', 'cbf53f40c461165534fb42e37b377739.pdf', 20, '', '25600223161115', 'ok', '25600223161130', 9, 1, '2017-02-23 02:11:29'),
(37, 'ojxI_qP4m', 'หนังสือเวียนA', NULL, '333', '', '5c74fbc16e7d1be815989712159514e8.pdf', NULL, '', '', '', '', 1, 1, '2017-04-22 16:23:39');

-- --------------------------------------------------------

--
-- Table structure for table `log`
--

CREATE TABLE `log` (
  `log_id` int(10) UNSIGNED NOT NULL,
  `officer_id` int(11) NOT NULL,
  `log_type_id` int(11) NOT NULL,
  `objective_officer` varchar(255) COLLATE utf8_unicode_ci DEFAULT NULL,
  `log_dscrpt` varchar(255) COLLATE utf8_unicode_ci DEFAULT NULL,
  `update_datetime` datetime NOT NULL
) ENGINE=MyISAM DEFAULT CHARSET=utf8 COLLATE=utf8_unicode_ci ROW_FORMAT=REDUNDANT;

-- --------------------------------------------------------

--
-- Table structure for table `log_type`
--

CREATE TABLE `log_type` (
  `log_type_id` int(11) NOT NULL,
  `log_type_name` varchar(255) COLLATE utf8_unicode_ci NOT NULL
) ENGINE=MyISAM DEFAULT CHARSET=utf8 COLLATE=utf8_unicode_ci ROW_FORMAT=REDUNDANT;

-- --------------------------------------------------------

--
-- Table structure for table `menu2`
--

CREATE TABLE `menu2` (
  `id` int(13) NOT NULL,
  `name` varchar(255) NOT NULL,
  `link` varchar(255) NOT NULL,
  `g` int(4) NOT NULL,
  `l` int(4) NOT NULL
) ENGINE=InnoDB DEFAULT CHARSET=tis620;

--
-- Dumping data for table `menu2`
--

INSERT INTO `menu2` (`id`, `name`, `link`, `g`, `l`) VALUES
(1, 'ระบบจัดเก็บข้อมูลค่าตอบแทนพิเศษข้าราชการศาลยุติธรรม(สำหรับหน่วยงาน)HRM', 'http://jws.coj.intra/compensation/organite', 1, 1),
(2, 'ระบบส่งข้อมูล คพ.', 'http://jws.coj.intra/compensation/', 1, 2),
(3, '22222', '222222', 2, 1);

-- --------------------------------------------------------

--
-- Table structure for table `migration`
--

CREATE TABLE `migration` (
  `version` varchar(180) NOT NULL,
  `apply_time` int(11) DEFAULT NULL
) ENGINE=InnoDB DEFAULT CHARSET=tis620;

--
-- Dumping data for table `migration`
--

INSERT INTO `migration` (`version`, `apply_time`) VALUES
('m000000_000000_base', 1482213999),
('m130524_201442_init', 1482214175);

-- --------------------------------------------------------

--
-- Table structure for table `officer_function`
--

CREATE TABLE `officer_function` (
  `officer_id` varchar(13) COLLATE utf8_unicode_ci NOT NULL,
  `function_id` int(11) NOT NULL
) ENGINE=MyISAM DEFAULT CHARSET=utf8 COLLATE=utf8_unicode_ci ROW_FORMAT=REDUNDANT;

--
-- Dumping data for table `officer_function`
--

INSERT INTO `officer_function` (`officer_id`, `function_id`) VALUES
('0000000000000', 2),
('0000000000000', 3),
('0000000000002', 1),
('0000000000002', 2),
('0000000000002', 3),
('0000000000003', 1),
('0000000000003', 2),
('0000000000003', 3);

-- --------------------------------------------------------

--
-- Table structure for table `officer_login`
--

CREATE TABLE `officer_login` (
  `officer_id` varchar(13) COLLATE utf8_unicode_ci NOT NULL,
  `user_name` varchar(20) COLLATE utf8_unicode_ci NOT NULL,
  `password` varchar(255) COLLATE utf8_unicode_ci NOT NULL,
  `password_expire_day` int(11) DEFAULT NULL,
  `modify_date` datetime DEFAULT NULL
) ENGINE=MyISAM DEFAULT CHARSET=utf8 COLLATE=utf8_unicode_ci ROW_FORMAT=REDUNDANT;

--
-- Dumping data for table `officer_login`
--

INSERT INTO `officer_login` (`officer_id`, `user_name`, `password`, `password_expire_day`, `modify_date`) VALUES
('0000000000001', 'admin', 'D033E22AE348AEB5660FC2140AEC35850C4DA997', 60, '2007-09-06 18:33:23'),
('0000000000003', 'kanyaa', 'C16894490A56418A53C44B065EF4A17D91ABD02A', 90, '0000-00-00 00:00:00'),
('0000000000002', 'pakdee', '64C85CE449E5F8FD19AEDB79427D0B6F7CDE9D90', 90, '2007-09-27 17:40:17'),
('0000000000004', 'wi', '123', 90, '0000-00-00 00:00:00');

-- --------------------------------------------------------

--
-- Table structure for table `officer_profile`
--

CREATE TABLE `officer_profile` (
  `officer_id` varchar(13) COLLATE utf8_unicode_ci NOT NULL,
  `title` varchar(20) COLLATE utf8_unicode_ci NOT NULL,
  `name` varchar(45) COLLATE utf8_unicode_ci NOT NULL,
  `surname` varchar(50) COLLATE utf8_unicode_ci NOT NULL,
  `position_id` int(10) NOT NULL,
  `user_name` varchar(20) COLLATE utf8_unicode_ci NOT NULL,
  `password` varchar(30) COLLATE utf8_unicode_ci NOT NULL,
  `status_id` int(11) NOT NULL,
  `modify_date` char(14) COLLATE utf8_unicode_ci DEFAULT NULL
) ENGINE=MyISAM DEFAULT CHARSET=utf8 COLLATE=utf8_unicode_ci ROW_FORMAT=REDUNDANT;

--
-- Dumping data for table `officer_profile`
--

INSERT INTO `officer_profile` (`officer_id`, `title`, `name`, `surname`, `position_id`, `user_name`, `password`, `status_id`, `modify_date`) VALUES
('1112', 'นางสาว', 'ผู้ใช้ระบบ', 'ผู้ใช้ระบบ', 1003, 'user01', 'dXNlcjAx', 2, '2552-08-03 10:'),
('1111', 'นางสาว', 'ผู้ดูแลระบบ', 'ผู้ดูแลระบบ', 1001, 'admin', 'YWRtaW4=', 1, '2552-08-03 10:');

-- --------------------------------------------------------

--
-- Table structure for table `pice`
--

CREATE TABLE `pice` (
  `id` int(13) NOT NULL,
  `name` varchar(255) NOT NULL,
  `link` varchar(255) NOT NULL,
  `event_day` date NOT NULL,
  `create_at` timestamp NOT NULL DEFAULT CURRENT_TIMESTAMP
) ENGINE=InnoDB DEFAULT CHARSET=tis620;

--
-- Dumping data for table `pice`
--

INSERT INTO `pice` (`id`, `name`, `link`, `event_day`, `create_at`) VALUES
(2, 'ศักยภาพ', 'http://10.37.64.3:8080/photo/gallery/#thumbnail/EdRbko', '0000-00-00', '2017-03-22 09:26:39');

-- --------------------------------------------------------

--
-- Table structure for table `position`
--

CREATE TABLE `position` (
  `position_id` int(10) NOT NULL,
  `position_name` varchar(50) NOT NULL
) ENGINE=MyISAM DEFAULT CHARSET=tis620;

--
-- Dumping data for table `position`
--

INSERT INTO `position` (`position_id`, `position_name`) VALUES
(1001, 'หัวหน้าห้องพิมพ์'),
(1002, 'เจ้าหน้าที่ห้องพิมพ์'),
(1003, 'พนักงานคอมพิวเตอร์'),
(1004, 'นักวิชาการพัสดุ'),
(1005, 'นักวิชาการคอมพิวเตอร์');

-- --------------------------------------------------------

--
-- Table structure for table `ppss`
--

CREATE TABLE `ppss` (
  `id` int(11) NOT NULL,
  `name` varchar(250) NOT NULL,
  `black` varchar(255) DEFAULT NULL,
  `red` varchar(255) DEFAULT NULL,
  `persecutor` varchar(255) DEFAULT NULL,
  `accused` varchar(255) DEFAULT NULL,
  `page` int(4) DEFAULT NULL,
  `note` text,
  `file` varchar(255) DEFAULT NULL,
  `create_at` timestamp NULL DEFAULT CURRENT_TIMESTAMP,
  `create_own` varchar(255) DEFAULT NULL
) ENGINE=InnoDB DEFAULT CHARSET=utf8;

--
-- Dumping data for table `ppss`
--

INSERT INTO `ppss` (`id`, `name`, `black`, `red`, `persecutor`, `accused`, `page`, `note`, `file`, `create_at`, `create_own`) VALUES
(2, 'ศย.ประจวบฯ_คำพิพากษา_อ.133_2559.pdf', NULL, NULL, NULL, NULL, NULL, NULL, '2017020611420857502cc4288cef373945b45fda8d90c1.pdf', '2017-02-06 04:42:08', '5971'),
(3, 'ศย.ประจวบฯ_คำพิพากษา_อ.161_2559.pdf', NULL, NULL, NULL, NULL, NULL, NULL, '20170207202629abc6b96e728563ca112e7e9582618461.pdf', '2017-02-07 13:26:29', '5971'),
(6, 'ศย.ประจวบฯ_คำพิพากษา_อ.170_2559.pdf', NULL, NULL, NULL, NULL, NULL, NULL, '20170210105238637eae21f625c2b75b17c71f00caddc4.pdf', '2017-02-10 03:52:38', '10020'),
(7, 'ศย.ประจวบฯ_คำพิพากษา_อ.154_2559.pdf', NULL, NULL, NULL, NULL, NULL, NULL, '20170210150732c7213439db8d344b211ea073dd851928.pdf', '2017-02-10 08:07:32', '10020'),
(8, 'ศย.ประจวบฯ_คำพิพากษา_อ.19_2560.pdf', NULL, NULL, NULL, NULL, NULL, NULL, '201702150422579291d8c907612876cfbb3c61bdf012b9.pdf', '2017-02-14 21:22:57', '5971'),
(9, 'ศย.ประจวบฯ_คำพิพากษา_อ.24_2560.pdf', NULL, NULL, NULL, NULL, NULL, NULL, '20170306155743.pdf', '2017-03-06 08:57:43', 'นางสาวพิมพ์พร สาตร์สาคร'),
(10, 'ศย.ประจวบฯ_คำพิพากษา_อ.166_2559.pdf', NULL, NULL, NULL, NULL, NULL, NULL, '20170310110202.pdf', '2017-03-10 04:02:02', 'นางสาวพิมพ์พร สาตร์สาคร');

-- --------------------------------------------------------

--
-- Table structure for table `profile`
--

CREATE TABLE `profile` (
  `id` int(11) NOT NULL,
  `user_id` int(11) NOT NULL,
  `id_card` varchar(255) COLLATE utf8_unicode_ci DEFAULT NULL,
  `fullname` varchar(255) COLLATE utf8_unicode_ci DEFAULT NULL,
  `dep` varchar(255) COLLATE utf8_unicode_ci DEFAULT NULL,
  `birthday` date DEFAULT NULL,
  `img` varchar(255) COLLATE utf8_unicode_ci DEFAULT NULL,
  `create_at` timestamp NOT NULL DEFAULT CURRENT_TIMESTAMP ON UPDATE CURRENT_TIMESTAMP,
  `st` int(5) DEFAULT NULL
) ENGINE=InnoDB DEFAULT CHARSET=utf8 COLLATE=utf8_unicode_ci;

--
-- Dumping data for table `profile`
--

INSERT INTO `profile` (`id`, `user_id`, `id_card`, `fullname`, `dep`, `birthday`, `img`, `create_at`, `st`) VALUES
(11, 8, '', 'นายสุรเกียรติ  อุทัยเชฏฐ์', 'ผู้อำนายการสำนักงานประจำศาลฯ', NULL, '', '2017-01-19 17:25:52', 1),
(12, 9, '', 'นางสาวสุทธินี ตรงชิต', 'เจ้าพนักงานศาลยุติธรรมชำนาญการ', NULL, '', '2017-01-19 17:27:59', 2),
(13, 10, '', 'นางสาวอาภากร ธนากรรัฐ', 'นิติกรชำนาญการ', NULL, '', '2017-01-19 17:28:07', 3),
(14, 11, '', 'นางสาววัชราวลี ฝ่ายเดช', 'นิติกรชำนาญการ', NULL, '', '2017-01-19 17:28:15', 4),
(15, 12, '', 'นางสาวดลยา เยาวหลี', 'เจ้าพนักงานศาลยุติธรรมปฏิบัติการ', NULL, '', '2017-01-19 17:28:31', 7),
(16, 13, '', 'นายเอกชวัทธน์  สาระเกตุ', 'เจ้าพนักงานศาลยุติธรรมปฏิบัติการ', NULL, '', '2017-01-19 17:28:45', 8),
(17, 14, '1739900030097', 'นางสาวอภิญญา ท้วมจุ้ย', 'นักจิตวิทยาปฏิบัติการ', NULL, '', '2017-02-06 04:59:22', 9),
(18, 15, '', 'นางสาววาสินี  กมลกุล', 'เจ้าพนักงานศาลยุติธรรมปฏิบัติการ', NULL, '', '2017-01-19 17:29:05', 10),
(19, 16, '', 'นางสาวโชติกา  ดีดอนกลาย', 'เจ้าหน้าที่ศาลยุติธรรมชำนาญงาน', NULL, '', '2017-01-19 17:29:13', 12),
(20, 17, '', 'นางสาวสิทธิมา  พุทธรังสี', 'เจ้าพนักงานการเงินและบัญชีปฏิบัติงาน', NULL, '', '2017-01-19 17:29:21', 13),
(21, 18, '', 'นางสาวพิมพ์พร สาตร์สาคร', 'เจ้าหน้าที่ศาลยุติธรรมปฏิบัติงาน', NULL, '', '2017-01-19 17:29:28', 14),
(22, 19, '', 'นางวลัยพร  สายทอง', 'เจ้าหน้าที่ศาลยุติธรรมปฏิบัติงาน', NULL, '', '2017-01-19 17:29:37', 15),
(23, 20, '', 'นางนุจรีย์  สุขจินดา', 'เจ้าหน้าที่ศาลยุติธรรมปฏิบัติงาน', NULL, '', '2017-01-19 17:29:43', 16),
(24, 21, '', 'นางสาวนงนุช ใจเสงี่ยม', 'นางสาวนงนุช ใจเสงี่ยม', NULL, '', '2017-01-19 17:29:50', 17),
(25, 22, '', 'นายวิชาญ  วุฒิชาติวิจิตรกุล', 'พนักงานขับรถยนต์', NULL, '', '2017-01-19 17:29:59', 18),
(26, 23, '', 'นายพเยาว์ สนพลาย', 'พนักงานคอมพิวเตอร์', NULL, '', '2017-01-19 17:30:06', 19),
(27, 24, '', 'นายฐานัน อยู่หนุน', 'พนักงานสถานที่', NULL, '', '2017-01-19 17:27:51', 20),
(28, 25, '', 'นางสาวกมลวรรณ  ยุวดีรักษา', 'เจ้าพนักงานศาลยุติธรรมชำนาญการ', NULL, '', '2017-01-19 17:30:33', 6),
(29, 26, '', 'นางสาวอารยา  แซ่ซู่', 'นักวิชาการเงินและบัญชีปฏิบัติการ', NULL, '', '2017-01-19 17:30:43', 11),
(30, 27, '', 'นางลูกอินทร์ อยู่ประพัฒน์', 'เจ้าพนักงานศาลยุติธรรมชำนาญการ', NULL, '', '2017-01-26 07:19:05', 5),
(31, 28, '', 'สนทยา', '', NULL, '', '2017-02-27 08:43:15', NULL);

-- --------------------------------------------------------

--
-- Table structure for table `sector`
--

CREATE TABLE `sector` (
  `sector_id` int(11) NOT NULL,
  `sector_name` varchar(255) COLLATE utf8_unicode_ci NOT NULL
) ENGINE=MyISAM DEFAULT CHARSET=utf8 COLLATE=utf8_unicode_ci ROW_FORMAT=REDUNDANT;

--
-- Dumping data for table `sector`
--

INSERT INTO `sector` (`sector_id`, `sector_name`) VALUES
(1, 'หัวหน้าส่วนห้องพิมพ์คำพิพากษา'),
(2, 'งานสแกนคำพิพากษา');

-- --------------------------------------------------------

--
-- Table structure for table `sector_function`
--

CREATE TABLE `sector_function` (
  `sector_id` int(11) NOT NULL,
  `function_id` int(11) NOT NULL
) ENGINE=MyISAM DEFAULT CHARSET=utf8 COLLATE=utf8_unicode_ci ROW_FORMAT=REDUNDANT;

--
-- Dumping data for table `sector_function`
--

INSERT INTO `sector_function` (`sector_id`, `function_id`) VALUES
(1, 1),
(1, 2),
(1, 3),
(2, 1);

-- --------------------------------------------------------

--
-- Table structure for table `status`
--

CREATE TABLE `status` (
  `status_id` int(11) NOT NULL,
  `status_name` varchar(20) NOT NULL
) ENGINE=MyISAM DEFAULT CHARSET=tis620;

--
-- Dumping data for table `status`
--

INSERT INTO `status` (`status_id`, `status_name`) VALUES
(1, 'ผู้ดูแลระบบ'),
(2, 'ผู้ใช้งานระบบ');

-- --------------------------------------------------------

--
-- Table structure for table `type_doc`
--

CREATE TABLE `type_doc` (
  `id_type` int(10) NOT NULL,
  `type_doc_name` varchar(30) NOT NULL
) ENGINE=MyISAM DEFAULT CHARSET=tis620;

--
-- Dumping data for table `type_doc`
--

INSERT INTO `type_doc` (`id_type`, `type_doc_name`) VALUES
(1001, 'หนังสือเวียนA'),
(1002, 'หนังสือเวียนB'),
(1003, 'คำสั่งศยจ'),
(1004, 'คำสั่งสนง'),
(1005, 'ตารางเวร'),
(1006, 'เอกสาร'),
(9001, 'คำพิพากษา'),
(9002, 'คำสั่ง'),
(1111, 'อื่นๆ');

-- --------------------------------------------------------

--
-- Table structure for table `user`
--

CREATE TABLE `user` (
  `id` int(11) NOT NULL,
  `username` varchar(255) COLLATE utf8_unicode_ci NOT NULL,
  `auth_key` varchar(32) COLLATE utf8_unicode_ci NOT NULL,
  `password_hash` varchar(255) COLLATE utf8_unicode_ci NOT NULL,
  `password_reset_token` varchar(255) COLLATE utf8_unicode_ci DEFAULT NULL,
  `email` varchar(255) COLLATE utf8_unicode_ci NOT NULL,
  `status` smallint(6) NOT NULL DEFAULT '10',
  `created_at` int(11) DEFAULT NULL,
  `updated_at` int(11) DEFAULT NULL
) ENGINE=InnoDB DEFAULT CHARSET=utf8 COLLATE=utf8_unicode_ci;

--
-- Dumping data for table `user`
--

INSERT INTO `user` (`id`, `username`, `auth_key`, `password_hash`, `password_reset_token`, `email`, `status`, `created_at`, `updated_at`) VALUES
(8, '9999', 'MsTvxxDXRyH-byceZIOz65q8nXeeykV6', '$2y$13$g0NmKXjVU35hvcK5CXU3Ee7Evzk2osy.2kMyGONbk.5oHhAKd6imK', NULL, '9999@pkkjc.org', 10, NULL, NULL),
(9, 'boom', 'x44Q-Hm3bXo2WxHl2qMBe1NDmbPU6Fn3', '$2y$13$D/KmYOo0wE/TUTugOU3/R.ImmdU2mJWAx9tgYgfpli4/u4LUFENku', NULL, 'boom@pkkjc.org', 10, NULL, NULL),
(10, '2203', 'eqa_te1CSmeWBPlPUaDv1xa_N1LmSgun', '$2y$13$7X8eIQe3plWJ4pxvCk7QReJlYCxBBmFWeP3HkR0BNckecTcbTSqX6', NULL, '2203@pkkjc.org', 10, NULL, NULL),
(11, 'ice', 'GG7ulBwCKVbsdpqi1ro50SQX0qPv8usu', '$2y$13$0erZghHiM.uNjEGVYC9un.OF5ab3IHkTZqipUb.bXCUFpTDtlVpoK', NULL, 'ice@pkkjc.org', 10, NULL, NULL),
(12, '2520', '48JMqpoYsGXe0Fv3_blAwrROX1pQVnlG', '$2y$13$9Nt.6aaxYVz45CMUy0PDGuY/FsCTECtVItwSkGbq8NAN4C7tMQlwC', NULL, '2520@pkkjc.org', 10, NULL, NULL),
(13, '5971', 'RZI3Bo5mKGJNrnESu87ljwSNHDWMnuwJ', '$2y$13$NmWazAcGEYx5LLclTVWLmO1sDKEBEarMCdojdICRzJNYSCPvrnLzy', NULL, '5971@pkkjc.org', 10, NULL, NULL),
(14, 'user24', 'x2JTP3iWHBd4_Xsh2Fg1KYA22_IL5IVp', '$2y$13$28wThjvvHGj1DMDFYH/2BODplvdyWmIth7fn1zO86P2SOrunGdQAe', NULL, 'user24@pkkjc.org', 10, NULL, NULL),
(15, '10015', 'm5LDWGeBUNa9QzUtLNmNim6wK_6nr3Pt', '$2y$13$6tR4figfNJPBanqz/jQ7..HUvZEgL022ulHW6gtSKwWhqPACddGzC', NULL, '10015@pkkjc.org', 10, NULL, NULL),
(16, 'id1817', 'LG1b7thpFM8AQGAnP6XSQHx24tG5JAts', '$2y$13$xl1NXu9B.JuxdWxsifOf3.Gx9EbDccnL2sIGjkPvQMesFixtikyFm', NULL, 'id1817@pkkjc.org', 10, NULL, NULL),
(17, '1234', 'dup-KBDIkqu6qlxtcJaz3URkoOCAKen3', '$2y$13$pKMlPDZ1xQA8uxbYE1PVveFprX6WzoEyVNh8V8ZISwxGt1ekNP0mm', NULL, '1234@pkkjc.org', 10, NULL, NULL),
(18, '10020', '1WFkt1tzmcUFFOi8yVMarD0vKsRJw6kE', '$2y$13$A1X/Qtn35MyQEbgq5pJyiucgST.lhdIPW.x/hYddry9t9KJkZRzgi', NULL, '10020@pkkjc.org', 10, NULL, NULL),
(19, 'id08', '2jIzMJZ6fv1ACe18KT9jYgDhqVeB-fkD', '$2y$13$c3P0telPZE4gqjm7a3cNeO7cf08Ne.w6Tc.Pu.M4PRtFpw5yaRAyi', NULL, '0008@pkkjc.org', 10, NULL, NULL),
(20, 'kung', 'c6EbBdKccIHEiDvbkEJnRgoXt8GB2qPW', '$2y$13$2kjR6NYjX2SXmqjOkVqWE.fiVkmRsafIKSexUCELq8xCNaaeI9m6W', NULL, '7777@pkkjc.org', 10, NULL, NULL),
(21, '1122', 'P_3GxGt7QwBgF1KKjW6YNr2b_LBPedTg', '$2y$13$7WaaOqH6RSVIQjEw5FJnGOPf0fS5uV0UZl8cQbyqLj2wBEm2d2ycq', NULL, '1122@pkkjc.org', 10, NULL, NULL),
(22, '500', 'qApleICEH1NIIhgY4a5xcSYsyhSWDYkK', '$2y$13$n/lL83anhSs86cbl4ziRoeGCBFcZHqzVtdfDFpZEaiEdBolS3OVba', NULL, '500@pkkjc.org', 10, NULL, NULL),
(23, '9929', 'eo7pTV5Iv04eOMqJwUi__vceB8Mbt1NJ', '$2y$13$.ukIbw1XO85WlQrmCM69rOQkV6s8j2TeLPTZrYSMLiw7WACbJWUE.', NULL, '9929@pkkjc.org', 10, NULL, NULL),
(24, 'id2323', 'vaTRyUB1QZ7YUssfnJj-3Xfg9R1Am9lC', '$2y$13$7qXxumHLHZKF39XqNO/XtOJwBjfW8OSICTwIFHx6iqKLiBAin6KB2', NULL, '2323@pkkjc.org', 10, NULL, NULL),
(25, 'da', 'utMlG6BKx3VaOZXs1wsvWJqAX_v_zVB1', '$2y$13$NA9brl4meXA/jF.wTHQrv.wKbbJjYMFUpA1ekuv/DIj8nFxvIPw7S', NULL, '22@pkkjc.org', 10, NULL, NULL),
(26, 'beau', 'NrAnrSvTw3ZmzNu1jkQ6LOJKv17F-YX0', '$2y$13$CB8475xDNXu/OLeAwVPzye9esqJaR5mmksuK/7qjw0kOx9y0ARFdS', NULL, '2524@pkkjc.org', 10, NULL, NULL),
(27, 'in', 'zlcCuWKUU7WwC2qLI4oFwjuC_Ka_EriC', '$2y$13$mOu1CxqlYbko4segcxGfgOEs2wMXyVGYUQVSezGNtBuBeywe.otCC', NULL, 'in@pkkjc.org', 10, NULL, NULL),
(28, 'admin', '1WeYq2HGGwD5TV8-x8spW3U_zDChfA7h', '$2y$13$35LDSpyhqlY587ZTJyg2DOOCPzB.Q0SRoXBD9p7OO1UNkrfrv4tvS', NULL, 'demo@demo.com', 10, NULL, NULL);

-- --------------------------------------------------------

--
-- Table structure for table `vbook_log`
--

CREATE TABLE `vbook_log` (
  `id` int(11) NOT NULL,
  `vbook_id` varchar(255) COLLATE utf8_unicode_ci DEFAULT NULL,
  `user_id` int(11) DEFAULT NULL,
  `create_at` datetime DEFAULT NULL
) ENGINE=InnoDB DEFAULT CHARSET=utf8 COLLATE=utf8_unicode_ci;

--
-- Dumping data for table `vbook_log`
--

INSERT INTO `vbook_log` (`id`, `vbook_id`, `user_id`, `create_at`) VALUES
(72, 'V4s9utl2b', 27, '2017-01-12 23:03:05'),
(73, 'tyKx8omyO', 27, '2017-01-12 23:24:53'),
(74, 'iRLkQKKH8', 27, '2017-01-12 23:56:31'),
(75, '4b1PmScaD', 27, '2017-01-12 23:57:38'),
(76, '22exDcWYu', 27, '2017-01-13 00:02:11'),
(77, 'XTyfSAs_9', 27, '2017-01-13 00:02:15'),
(78, 'MQ9sB7-yx', 27, '2017-01-13 00:02:20'),
(79, 'rBVjjx-lh', 27, '2017-01-13 00:02:31'),
(80, 'fxMIsATNQ', 27, '2017-01-13 00:12:44'),
(81, 'KYWKXva3b', 27, '2017-01-13 00:12:51'),
(82, 'CZ9RDJ7M-', 27, '2017-01-13 10:56:18'),
(83, 'pJBBqn1_h', 27, '2017-01-13 10:57:56'),
(84, 'bpSoSi5Q9', 27, '2017-01-13 10:58:09'),
(85, 'hW0X-4VLI', 27, '2017-01-13 11:05:10'),
(86, 'peb1YGspK', 9, '2017-01-13 13:41:13'),
(87, 'pJBBqn1_h', 9, '2017-01-13 13:41:16'),
(88, 'rBVjjx-lh', 9, '2017-01-13 13:41:19'),
(89, 'kuGtegrpI', 9, '2017-01-13 13:41:29'),
(90, '7O0tVnFS1', 27, '2017-01-13 16:06:30'),
(91, 'h32hR2GdM', 27, '2017-01-13 16:14:42'),
(92, 'SFrsYWpvQ', 27, '2017-01-16 10:09:57'),
(93, 'bU-iMp03L', 27, '2017-01-16 10:18:50'),
(94, 'wIA5Sx6JD', 27, '2017-01-16 10:31:46'),
(95, 'iVQFVv6Ss', 27, '2017-01-16 11:09:19'),
(96, 'iVQFVv6Ss', 13, '2017-01-16 11:10:37'),
(97, 'wIA5Sx6JD', 13, '2017-01-16 12:22:57'),
(98, 'wIA5Sx6JD', 7, '2017-01-16 13:43:44'),
(99, 'wIA5Sx6JD', 23, '2017-01-16 13:44:44'),
(100, 'WjTa4DLze', 25, '2017-01-19 09:49:46'),
(101, 'ikBt_VRgb', 25, '2017-01-19 09:52:08'),
(102, '34jYV99Xl', 25, '2017-01-19 09:53:23'),
(103, 'WjTa4DLze', 23, '2017-01-19 10:11:31'),
(104, 'z56lVQuyT', 9, '2017-01-19 10:11:39'),
(105, 'ikBt_VRgb', 13, '2017-01-19 12:20:13'),
(106, 'IwA5d-BUH', 13, '2017-01-19 12:23:05'),
(107, 'wIA5Sx6JD', 25, '2017-01-19 13:22:53'),
(108, 'iVQFVv6Ss', 25, '2017-01-19 13:23:36'),
(109, 'IwA5d-BUH', 25, '2017-01-19 13:25:55'),
(110, '-Uf8caFRc', 25, '2017-01-19 13:27:17'),
(111, 'Qnw-buDSK', 25, '2017-01-19 13:31:18'),
(112, 'x0qt0hhty', 25, '2017-01-19 13:32:50'),
(113, 'z56lVQuyT', 25, '2017-01-19 13:33:57'),
(114, 'LNF4Vif2F', 25, '2017-01-19 13:34:53'),
(115, 'WjTa4DLze', 13, '2017-01-19 14:40:56'),
(116, '34jYV99Xl', 13, '2017-01-19 14:41:05'),
(117, 'ikBt_VRgb', 23, '2017-01-19 14:41:58'),
(118, '34jYV99Xl', 23, '2017-01-19 19:41:03'),
(119, 'iVQFVv6Ss', 23, '2017-01-19 19:41:38'),
(120, 'z56lVQuyT', 23, '2017-01-19 19:41:58'),
(121, 'IwA5d-BUH', 23, '2017-01-19 19:42:07'),
(122, 'Qnw-buDSK', 23, '2017-01-19 19:42:16'),
(123, '-Uf8caFRc', 23, '2017-01-19 19:42:26'),
(124, 'x0qt0hhty', 23, '2017-01-19 19:42:32'),
(125, 'dKVpBbgE_', 23, '2017-01-19 19:42:58'),
(126, 'lU9jcBA5g', 23, '2017-01-19 19:43:08'),
(127, 'YQCOfJoy9', 23, '2017-01-20 11:13:26'),
(128, 'IwA5d-BUH', 24, '2017-01-20 11:22:17'),
(129, 'WjTa4DLze', 24, '2017-01-20 15:34:10'),
(130, 'ikBt_VRgb', 24, '2017-01-20 15:34:42'),
(131, 'wIA5Sx6JD', 24, '2017-01-20 15:34:46'),
(132, 'H4W9VPtCs', 24, '2017-01-20 15:47:32'),
(133, 'bU-iMp03L', 24, '2017-01-20 16:27:50'),
(134, 'WjTa4DLze', 19, '2017-01-24 13:58:17'),
(135, 'SWdRo4iYf', 27, '2017-01-24 14:35:26'),
(136, 'LX8IYj5m1', 24, '2017-01-25 22:44:40'),
(137, 'LX8IYj5m1', 23, '2017-01-26 08:52:49'),
(138, 'LX8IYj5m1', 25, '2017-01-26 09:16:18'),
(139, 'LX8IYj5m1', 9, '2017-01-26 10:12:40'),
(140, 'SWdRo4iYf', 9, '2017-01-31 11:52:34'),
(141, 'LX8IYj5m1', 27, '2017-01-31 16:34:32'),
(142, 'UuR-klXBr', 20, '2017-02-01 11:56:37'),
(143, 'UuR-klXBr', 25, '2017-02-01 12:01:08'),
(144, 'UuR-klXBr', 23, '2017-02-01 15:55:16'),
(145, 'SWdRo4iYf', 23, '2017-02-01 15:57:28'),
(146, 'UuR-klXBr', 27, '2017-02-06 10:58:29'),
(147, 'UuR-klXBr', 13, '2017-02-06 11:09:12'),
(148, 'FlgGYiZ2R', 27, '2017-02-06 14:03:38'),
(149, 'FlgGYiZ2R', 14, '2017-02-06 14:17:20'),
(150, 'SWdRo4iYf', 14, '2017-02-06 14:17:39'),
(151, 'ikBt_VRgb', 14, '2017-02-06 14:18:11'),
(152, 'wIA5Sx6JD', 14, '2017-02-06 14:18:36'),
(153, 'FlgGYiZ2R', 17, '2017-02-06 14:18:41'),
(154, 'FlgGYiZ2R', 13, '2017-02-06 16:01:54'),
(155, 'FlgGYiZ2R', 23, '2017-02-07 11:17:38'),
(156, 'GWbmHmYUx', 27, '2017-02-07 11:48:12'),
(157, 'GWbmHmYUx', 25, '2017-02-07 12:02:26'),
(158, 'GWbmHmYUx', 23, '2017-02-07 12:12:42'),
(159, 'UuR-klXBr', 19, '2017-02-07 22:50:36'),
(160, 'FlgGYiZ2R', 10, '2017-02-08 09:50:21'),
(161, 'GWbmHmYUx', 10, '2017-02-08 09:51:19'),
(162, 'FlgGYiZ2R', 16, '2017-02-08 10:37:42'),
(163, 'GWbmHmYUx', 16, '2017-02-08 10:39:06'),
(164, 'FlgGYiZ2R', 15, '2017-02-08 13:59:23'),
(165, 'GWbmHmYUx', 15, '2017-02-10 10:43:30'),
(166, 'GWbmHmYUx', 18, '2017-02-10 15:08:16'),
(167, 'YQCOfJoy9', 13, '2017-02-11 05:38:31'),
(168, 'GWbmHmYUx', 13, '2017-02-14 03:49:47'),
(169, 'SWdRo4iYf', 13, '2017-02-14 03:51:04'),
(170, 'aAECGHlOv', 18, '2017-02-14 06:44:20'),
(171, 'aAECGHlOv', 15, '2017-02-14 09:10:10'),
(172, 'aAECGHlOv', 23, '2017-02-14 09:55:49'),
(173, 'WjTa4DLze', 15, '2017-02-18 04:37:53'),
(174, 'SWdRo4iYf', 15, '2017-02-18 04:38:47'),
(175, 'zVCp-9EAM', 15, '2017-02-20 09:52:53'),
(176, 'zVCp-9EAM', 13, '2017-02-21 08:45:37'),
(177, 'GtdoCxWM7', 23, '2017-02-22 07:12:11'),
(178, 'z56lVQuyT', 13, '2017-02-22 12:19:10'),
(179, 'MCAP1a-Uk', 13, '2017-02-22 12:21:36'),
(180, 'GtdoCxWM7', 19, '2017-02-23 04:31:13'),
(181, 'zVCp-9EAM', 19, '2017-02-23 04:33:32'),
(182, 'FlgGYiZ2R', 19, '2017-02-23 04:34:34'),
(183, 'j3FZgnmv7', 25, '2017-02-24 08:53:42'),
(184, 'j3FZgnmv7', 13, '2017-02-26 08:41:13'),
(185, 'j3FZgnmv7', 23, '2017-02-26 13:58:42'),
(186, 'R0s_H7Mti', 23, '2017-02-26 14:24:26'),
(187, '7mcWhvHZn', 23, '2017-02-27 07:19:30'),
(188, '7mcWhvHZn', 24, '2017-02-27 07:26:07'),
(189, 'j3FZgnmv7', 24, '2017-02-27 07:30:31'),
(190, '7mcWhvHZn', 15, '2017-02-28 04:51:03'),
(191, 'j3FZgnmv7', 15, '2017-02-28 04:54:58'),
(192, '7mcWhvHZn', 13, '2017-02-28 10:11:28'),
(193, 'GWbmHmYUx', 24, '2017-03-01 15:49:43'),
(194, 'aAECGHlOv', 14, '2017-03-02 09:01:30'),
(195, 'GtdoCxWM7', 14, '2017-03-02 09:04:34'),
(196, '7mcWhvHZn', 18, '2017-03-02 12:31:44'),
(197, '7mcWhvHZn', 27, '2017-03-07 15:48:42'),
(198, 'AHcYcJgOW', 23, '2017-03-17 10:37:08'),
(199, 'AHcYcJgOW', 27, '2017-03-20 09:16:29'),
(200, 'AHcYcJgOW', 25, '2017-03-20 09:37:18'),
(201, 'AHcYcJgOW', 13, '2017-03-20 15:03:03'),
(202, 'AHcYcJgOW', 11, '2017-03-21 09:22:07'),
(203, 'AHcYcJgOW', 28, '2017-03-30 10:51:44');

--
-- Indexes for dumped tables
--

--
-- Indexes for table `breaknews`
--
ALTER TABLE `breaknews`
  ADD PRIMARY KEY (`id`);

--
-- Indexes for table `event`
--
ALTER TABLE `event`
  ADD PRIMARY KEY (`id`);

--
-- Indexes for table `function`
--
ALTER TABLE `function`
  ADD PRIMARY KEY (`function_id`);

--
-- Indexes for table `function_group`
--
ALTER TABLE `function_group`
  ADD PRIMARY KEY (`function_group_id`);

--
-- Indexes for table `helpdesk`
--
ALTER TABLE `helpdesk`
  ADD PRIMARY KEY (`id`),
  ADD KEY `fk_helpdesk_statusHelp1_idx` (`statusHelp_id`),
  ADD KEY `fk_helpdesk_profile1_idx` (`user_id`);

--
-- Indexes for table `judgement`
--
ALTER TABLE `judgement`
  ADD PRIMARY KEY (`id`);

--
-- Indexes for table `log`
--
ALTER TABLE `log`
  ADD PRIMARY KEY (`log_id`);

--
-- Indexes for table `log_type`
--
ALTER TABLE `log_type`
  ADD PRIMARY KEY (`log_type_id`);

--
-- Indexes for table `menu2`
--
ALTER TABLE `menu2`
  ADD PRIMARY KEY (`id`);

--
-- Indexes for table `migration`
--
ALTER TABLE `migration`
  ADD PRIMARY KEY (`version`);

--
-- Indexes for table `officer_function`
--
ALTER TABLE `officer_function`
  ADD PRIMARY KEY (`officer_id`,`function_id`),
  ADD KEY `FK_officer_function_2` (`function_id`);

--
-- Indexes for table `officer_login`
--
ALTER TABLE `officer_login`
  ADD PRIMARY KEY (`officer_id`);

--
-- Indexes for table `officer_profile`
--
ALTER TABLE `officer_profile`
  ADD PRIMARY KEY (`officer_id`);

--
-- Indexes for table `pice`
--
ALTER TABLE `pice`
  ADD PRIMARY KEY (`id`);

--
-- Indexes for table `position`
--
ALTER TABLE `position`
  ADD PRIMARY KEY (`position_id`);

--
-- Indexes for table `ppss`
--
ALTER TABLE `ppss`
  ADD PRIMARY KEY (`id`);

--
-- Indexes for table `profile`
--
ALTER TABLE `profile`
  ADD PRIMARY KEY (`id`),
  ADD UNIQUE KEY `user_id` (`user_id`);

--
-- Indexes for table `sector`
--
ALTER TABLE `sector`
  ADD PRIMARY KEY (`sector_id`);

--
-- Indexes for table `sector_function`
--
ALTER TABLE `sector_function`
  ADD PRIMARY KEY (`sector_id`,`function_id`),
  ADD KEY `FK_sector_function_2` (`function_id`);

--
-- Indexes for table `status`
--
ALTER TABLE `status`
  ADD PRIMARY KEY (`status_id`);

--
-- Indexes for table `type_doc`
--
ALTER TABLE `type_doc`
  ADD PRIMARY KEY (`id_type`);

--
-- Indexes for table `user`
--
ALTER TABLE `user`
  ADD PRIMARY KEY (`id`),
  ADD UNIQUE KEY `username` (`username`),
  ADD UNIQUE KEY `email` (`email`),
  ADD UNIQUE KEY `password_reset_token` (`password_reset_token`);

--
-- Indexes for table `vbook_log`
--
ALTER TABLE `vbook_log`
  ADD PRIMARY KEY (`id`);

--
-- AUTO_INCREMENT for dumped tables
--

--
-- AUTO_INCREMENT for table `breaknews`
--
ALTER TABLE `breaknews`
  MODIFY `id` int(11) NOT NULL AUTO_INCREMENT, AUTO_INCREMENT=2;
--
-- AUTO_INCREMENT for table `event`
--
ALTER TABLE `event`
  MODIFY `id` int(11) NOT NULL AUTO_INCREMENT, AUTO_INCREMENT=16;
--
-- AUTO_INCREMENT for table `function`
--
ALTER TABLE `function`
  MODIFY `function_id` int(11) NOT NULL AUTO_INCREMENT, AUTO_INCREMENT=4;
--
-- AUTO_INCREMENT for table `function_group`
--
ALTER TABLE `function_group`
  MODIFY `function_group_id` int(11) NOT NULL AUTO_INCREMENT, AUTO_INCREMENT=3;
--
-- AUTO_INCREMENT for table `helpdesk`
--
ALTER TABLE `helpdesk`
  MODIFY `id` int(11) NOT NULL AUTO_INCREMENT, AUTO_INCREMENT=224;
--
-- AUTO_INCREMENT for table `judgement`
--
ALTER TABLE `judgement`
  MODIFY `id` int(13) NOT NULL AUTO_INCREMENT, AUTO_INCREMENT=38;
--
-- AUTO_INCREMENT for table `log`
--
ALTER TABLE `log`
  MODIFY `log_id` int(10) UNSIGNED NOT NULL AUTO_INCREMENT;
--
-- AUTO_INCREMENT for table `menu2`
--
ALTER TABLE `menu2`
  MODIFY `id` int(13) NOT NULL AUTO_INCREMENT, AUTO_INCREMENT=4;
--
-- AUTO_INCREMENT for table `pice`
--
ALTER TABLE `pice`
  MODIFY `id` int(13) NOT NULL AUTO_INCREMENT, AUTO_INCREMENT=3;
--
-- AUTO_INCREMENT for table `ppss`
--
ALTER TABLE `ppss`
  MODIFY `id` int(11) NOT NULL AUTO_INCREMENT, AUTO_INCREMENT=11;
--
-- AUTO_INCREMENT for table `profile`
--
ALTER TABLE `profile`
  MODIFY `id` int(11) NOT NULL AUTO_INCREMENT, AUTO_INCREMENT=32;
--
-- AUTO_INCREMENT for table `sector`
--
ALTER TABLE `sector`
  MODIFY `sector_id` int(11) NOT NULL AUTO_INCREMENT, AUTO_INCREMENT=4;
--
-- AUTO_INCREMENT for table `user`
--
ALTER TABLE `user`
  MODIFY `id` int(11) NOT NULL AUTO_INCREMENT, AUTO_INCREMENT=29;
--
-- AUTO_INCREMENT for table `vbook_log`
--
ALTER TABLE `vbook_log`
  MODIFY `id` int(11) NOT NULL AUTO_INCREMENT, AUTO_INCREMENT=204;
/*!40101 SET CHARACTER_SET_CLIENT=@OLD_CHARACTER_SET_CLIENT */;
/*!40101 SET CHARACTER_SET_RESULTS=@OLD_CHARACTER_SET_RESULTS */;
/*!40101 SET COLLATION_CONNECTION=@OLD_COLLATION_CONNECTION */;
